"Doc.ID","Text","Reference","Length"
1,"","54HhG",0
2,"much better.""","54HhG",13
3,"very unwell, which he had had no previous suspicion of--and there was","BT26y",69
4,"all there without me.""","BT26y",22
5,"","6QBpq",0
6,"down her cheeks almost all the way home, without being at any trouble to","54HhG",72
7,"to urge for Emma's attention; it was soon gone to Brunswick Square or","EjCVT",69
8,"Emma could not resist.","54HhG",22
9,"""I have not even made any inquiry; I do not wish to make any yet.""","TMfRs",66
10,"persisting to act in direct opposition to Jane Fairfax's sense of right,","Tw12g",72
11,"going; dear Mrs. Elton, how elegant she looks!--Beautiful lace!--Now we","TMfRs",71
12,"""And do you see her, sir, tolerably often?"" asked Isabella in the","EjCVT",65
13,"","ARN8g",0
14,"familiarise the idea to his quickness of mind.--He saw the advantages","MJLY1",69
15,"one or the other.","TMfRs",17
16,"""In one respect, perhaps, Mr. Elton's manners are superior to Mr.","54HhG",65
17,"many--perhaps with most people, unless taken moderately. With such an","EjCVT",69
18,"much obliged to you for coming. Dear Emma has been to call on Mrs.","TMfRs",66
19,"","EjCVT",0
20,"character and condition. He seemed by this connexion between the","TMfRs",64
21,"","MJLY1",0
22,"Churchills--or even for Mr. Elton!--The stain of illegitimacy,","MJLY1",62
23,"question from her would have been awkward.","BT26y",42
24,"influence of a strong passion at war with all interested motives. Mr.","cT69v",69
25,"""You are expecting her again, you say, this morning?""","54HhG",53
26,"humiliation.--A few words which dropped from him yesterday spoke his","EjCVT",68
27,"of Emma. Between _them_ it was more the intimacy of sisters. Even before","ARN8g",72
28,"","EjCVT",0
29,"perception of any thing extraordinary in the looks or ways of either,","LBrRi",69
30,"superiority then. If she has it now, you have given it. You have been no","Tw12g",72
31,"himself that he has hit upon the very best method in the world of","Tw12g",65
32,"evil. We are both prejudiced; you against, I for him; and we have no","cT69v",68
33,"many thanks--'there was no occasion to trouble us, for Mr. Knightley's","TMfRs",70
34,"that is all. My only scruple in advising the match was on his account,","MJLY1",70
35,"the greatest confidence of being often with them, almost as often as he","Tw12g",71
36,"it?""","Tw12g",4
37,"happier or a better couple than Mr. and Mrs. Perry. I say, sir,"" turning","cT69v",72
38,"","EjCVT",0
39,"""I suspect they do not satisfy Mrs. Weston. They hardly can satisfy","Tw12g",67
40,"run, and seemed to ensure a quick despatch of the roast mutton and rice","TMfRs",71
41,"it struck her that she could not be very much in love; for in spite of","6QBpq",70
42,"","LBrRi",0
43,"""Yes: but a young lady--a bride--I ought to have paid my respects to her","cT69v",72
44,"","cT69v",0
45,"","BT26y",0
46,"way home, almost as much in duty to Emma as in pleasure to herself, to","Tw12g",70
47,"so unfeeling to Miss Bates? How could you be so insolent in your wit to","BT26y",71
48,"air so bad!""","EjCVT",12
49,"of the party the last half of the way; but his alarms were needless;","BT26y",68
50,"dinner; and while her father was fondly noticing the beauty of her","TMfRs",66
51,"","6QBpq",0
52,"","cT69v",0
53,"her, several years back, at Mrs. Goddard's school, and somebody","MJLY1",63
54,"deficient; not often deficient either in manner or comprehension. I","TMfRs",67
55,"","LBrRi",0
56,"Perhaps it was not fair to expect him to feel how very much he was her","ARN8g",70
57,"entertaining already,) and she only demands from each of you either one","cT69v",71
58,"for the ball, it was shocking to have dear Emma disappointed; but they","MJLY1",70
59,"other whether they would or no. She hardly wished to have more leisure","54HhG",70
60,"and Isabella always thinks as he does; except when he is not quite","54HhG",66
61,"Woodhouse. Nothing was wanting but to be happy when they got there.","EjCVT",67
62,"creature in _one_ _respect_, it is very fit that you should have","TMfRs",64
63,"says, six days out of the seven, and has always business at Ford's.","MJLY1",67
64,"","Tw12g",0
65,"","MJLY1",0
66,"themselves off in a hurry. The young ladies of Highbury might have","6QBpq",66
67,"way.--Mrs. Weston's poultry-house was robbed one night of all her","BT26y",65
68,"the same. But in time they will. Time, you may be sure, will make one","TMfRs",69
69,"marry.""","TMfRs",7
70,"mortification she must be returning to her seat. This was Mr. Elton! the","MJLY1",72
71,"home; and very pleasant people they seem to be. I like them extremely.","54HhG",70
72,"the sooner _you_ go the better. I will fetch your greatcoat and open the","MJLY1",72
73,"void of meaning, however he might wish to escape any of Emma's errors","cT69v",69
74,"myself to belong to the place, to be a true citizen of Highbury. I must","Tw12g",71
75,"""Well, well, I have that note; and can shew it after dinner to convince","MJLY1",71
76,"""It might be distressing, for the moment,"" said she; ""but you seem to","MJLY1",69
77,"Randalls. Though much might be fancy, he could not doubt, when he looked","TMfRs",72
78,"not say so to every body, Mrs. Elton, but I have not much faith in Mrs.","Tw12g",71
79,"","EjCVT",0
80,"consented to a private engagement?""","Tw12g",35
81,"","EjCVT",0
82,"my dear, I wish you would not make matches and foretell things, for","6QBpq",67
83,"""Very well, I am much obliged to you. My mother is delightfully well;","LBrRi",69
84,"on the subject.--","Tw12g",17
85,"Let me entreat you, Miss Woodhouse, to exercise so charming a talent","54HhG",68
86,"","Tw12g",0
87,"""Perhaps she might; but it is not every man's fate to marry the woman","Tw12g",69
88,"The lovers were standing together at one of the windows. It had a most","MJLY1",70
89,"grounds, I assure you, as far as I could observe, are strikingly like.","TMfRs",70
90,"","Tw12g",0
91,"","EjCVT",0
92,"we shall see presently in Jane's letter--wrote in Mr. Dixon's name as","6QBpq",69
93,"as I do for Understanding. Many circumstances assisted the temptation.","LBrRi",70
94,"""Happy couple!"" said Frank Churchill, as soon as they were out of","Tw12g",65
95,"she desired him to read it. She was sure of Mrs. Weston's wishing it to","54HhG",71
96,"difficulties, and the most solicitous for accommodation and appearance.","54HhG",71
97,"Mr. Elton, if not towards William Larkins.","ARN8g",42
98,"of her health, than on any thing else. Certain it was that she was to","BT26y",69
99,"","EjCVT",0
100,"care of such a fair lady, and not liking to resist any advice of her's,","ARN8g",71
101,"sister, or a truer friend? No, no; she has qualities which may be","TMfRs",65
102,"beauty than Emma altogether--face and figure?""","Tw12g",46
103,"secured such a situation. You will excuse her not coming to you--she is","ARN8g",71
104,"made her graceful and easy. She was a beautiful creature when she","EjCVT",65
105,"to Donwell; she forgot to attempt to listen; and when Mrs. Weston ended","LBrRi",71
106,"the parlour one night on purpose to sing to her. She was very fond","cT69v",66
107,"","ARN8g",0
108,"young man whom any woman not fastidious might like. He was reckoned very","LBrRi",72
109,"too simple to have acquired any thing herself. At her age she can have","ARN8g",70
110,"","54HhG",0
111,"","LBrRi",0
112,"chosen, to excite gratitude than to feel it.","cT69v",44
113,"excellence which she would have been glad to command, and ought not to","ARN8g",70
114,"be much more to the purpose in most cases of delicate health, and I dare","cT69v",72
115,"have too many resources--and I feel very thankful that I have so many","Tw12g",69
116,"Miss Fairfax, who had seldom spoken before, except among her own","ARN8g",64
117,"Woodhouse; my father perhaps will think I ought to add, with the deepest","TMfRs",72
118,"""Oh! yes; we are always forced to be acquainted whenever she comes to","EjCVT",69
119,"not in consciousness.""","cT69v",22
120,"much more to say, and much more to say with satisfaction, than a quarter","6QBpq",72
121,"Mrs. Cole had many to agree with her; every body who spoke on the","54HhG",65
122,"","6QBpq",0
123,"","BT26y",0
124,"to please; she will now have but one. The chances are that she must be a","TMfRs",72
125,"","6QBpq",0
126,"""How I could so long a time be fancying myself!..."" cried Harriet,","LBrRi",66
127,"","BT26y",0
128,"before--""You must know, my dear Mrs. Knightley, that we are by no means","EjCVT",71
129,"papa. You got Hannah that good place. Nobody thought of Hannah till you","Tw12g",71
130,"minutes, Harriet thus began again--","54HhG",35
131,"","TMfRs",0
132,"","MJLY1",0
133,"would have lavished every distinction of regard or sympathy. She wanted","MJLY1",71
134,"hoping might not have taken cold from his ride.--Could he have seen the","MJLY1",71
135,"and I shall always feel much obliged to him, and have a great regard","MJLY1",68
136,"before.--Still Mrs. Elton insisted on being authorised to write an","TMfRs",66
137,"anywhere else I should think it necessary to apologise; but, the truth","LBrRi",70
138,"extensive, that I have little doubt of hearing of something to suit","cT69v",67
139,"Emma knew that he was now getting to the Box Hill party, and grew","MJLY1",65
140,"hear?""","EjCVT",6
141,"","BT26y",0
142,"""But I do not see why poor Isabella should be obliged to go back so","ARN8g",67
143,"They walked off, followed in half a minute by Mr. Knightley. Mr. Weston,","Tw12g",72
144,"more satisfactory style, and on the present evening had particular","54HhG",66
145,"""I hope I should know better,"" he replied; ""no, depend upon it, (with a","ARN8g",71
146,"advice for her going was most prompt and successful.","EjCVT",52
147,"it would be no object to me to be with the rich; my mortifications, I","BT26y",69
148,"""Yes, certainly it does. He has had great faults, faults of","Tw12g",59
149,"","MJLY1",0
150,"utmost that his nerves could bear--and here would be a ninth--and Emma","6QBpq",70
151,"By Jane Austen","54HhG",14
152,"""And, in return for your acknowledging so much, I will do you the","MJLY1",65
153,"","TMfRs",0
154,"""It was her very particular friend, you know.""","MJLY1",46
155,"Harriet at all but for her folly.","54HhG",33
156,"","LBrRi",0
157,"","54HhG",0
158,"quick and assured: Isabella slow and diffident. And ever since she","Tw12g",66
159,"unbiased inclination, it was not long that she had to suffer from the","Tw12g",69
160,"appeared to him strong encouragement; and not only losing the right","6QBpq",67
161,"judgment.""","LBrRi",10
162,"His eldest daughter's alarm was equal to his own. The horror of being","EjCVT",69
163,"give way to--I should not have thought it possible--But if _you_, who","Tw12g",69
164,"for these convictions, with all their glow of attendant happiness; there","ARN8g",72
165,"the very day on which she had, under the plea of being unequal to any","BT26y",69
166,"Miss Bates and Jane; and Emma and Harriet belonged to Frank Churchill.","54HhG",70
167,"The brothers talked of their own concerns and pursuits, but principally","ARN8g",71
168,"that she could hardly believe it to be only their second meeting. He was","54HhG",72
169,"move southward without loss of time.""","Tw12g",37
170,"nothing-meaning terms of being ""elegantly dressed, and very pleasing.""","cT69v",70
171,"""No, indeed,"" cried Emma, most happy to begin, ""not in the least. I am","MJLY1",70
172,"agitation, which she rather thought was considerable.","cT69v",53
173,"such a fuss with by every body!--and it had been always imagined that","EjCVT",69
174,"Churchill's illness.""","6QBpq",21
175,"glance round the table, and applied herself to it. Frank was next to","TMfRs",68
176,"losing her mother, she became the property, the charge, the consolation,","ARN8g",72
177,"looked around, as if to see that no one were near, and then said,","TMfRs",65
178,"no one, I am sure, could be more effectually blinded than myself--except","MJLY1",72
179,"distinguishing complexion! So peculiarly the lady in it.--Just colour","54HhG",69
180,"""No, my dear, I never encouraged any body to marry, but I would always","ARN8g",70
181,"been imposed on by others in a most mortifying degree; that she had","54HhG",67
182,"clever, and understood every thing. He had a very fine flock, and, while","LBrRi",72
183,"been very rude; but really Miss Fairfax has done her hair in so odd a","Tw12g",69
184,"these particulars--but as she declares she never heard a syllable of","cT69v",68
185,"""But you do not consider how it may appear to the Coles. Emma's going","ARN8g",69
186,"good. Then here is my last,""--unclosing a pretty sketch of a gentleman","6QBpq",70
187,"CHAPTER I","cT69v",9
188,"","ARN8g",0
189,"most lovely and accomplished young women in England for your daughter.""","MJLY1",71
190,"""Indeed I will. You have shewn that you can dance, and you know we are","ARN8g",70
191,"In the gayest and happiest spirits she set forward with her father; not","EjCVT",71
192,"","LBrRi",0
193,"month, to Miss Smith--such attentions as I have been in the daily","TMfRs",65
194,"courage failed. She could not bear to see him suffering, to know","ARN8g",64
195,"them, and he asked whether we were not got to the end of our stock. 'I","EjCVT",70
196,"having been able to wait on him and Mrs. Elton on this happy occasion; I","6QBpq",72
197,"of love on each side. I should not wonder if it were to bring on the","6QBpq",68
198,"change it for, she had a great curiosity to see him, a decided intention","ARN8g",72
199,"possible. She made her plan; she would speak of something totally","BT26y",65
200,"","EjCVT",0
201,"so secluded a life; and I could immediately secure you some of the best","BT26y",71
202,"I cannot say;--when I called to take leave of her, I remember that I was","MJLY1",72
203,"At this moment Mr. Weston appeared at a little distance from the window,","BT26y",72
204,"an imprudent match. He knows the value of a good income as well as any","EjCVT",70
205,"to a young lady, the object of his admiration, but which, from his","MJLY1",66
206,"illumination of Mr. Woodhouse's mind, or any wonderful change of his","Tw12g",68
207,"""I have scarce had the pleasure of seeing you, Miss Woodhouse,"" she","ARN8g",67
208,"","Tw12g",0
209,"Mrs. Weston was looking so ill, and had an air of so much perturbation,","EjCVT",71
210,"","cT69v",0
211,"""Mr. Elton indeed!"" cried Harriet indignantly.--""Oh! no""--and Emma could","LBrRi",72
212,"accomplished some views of St. Mark's Place, Venice, when Frank","MJLY1",63
213,"over. He had seen the coachmen, and they both agreed with him in there","6QBpq",70
214,"mind. He could be no judge, however, of the evil he was holding cheap.","LBrRi",70
215,"","cT69v",0
216,"It was, indeed, a highly prized letter. Mrs. Weston had, of course,","BT26y",67
217,"","MJLY1",0
218,"""Ah! you are an odd creature!"" she cried, satisfied to have no one","EjCVT",66
219,"""Mr. Elton's manners are not perfect,"" replied Emma; ""but where there is","TMfRs",72
220,"""Emma has been meaning to read more ever since she was twelve years old.","MJLY1",72
221,"grandmama's telling us of it when we got home? I forget where we","MJLY1",64
222,"""I have the greatest pleasure, my dear Emma, in forwarding to you the","Tw12g",69
223,"","LBrRi",0
224,"have imagined it. It is so much beyond any thing I deserve. Mr. Elton,","Tw12g",70
225,"Harriet was soon back again, and the proposal almost immediately made;","54HhG",70
226,"have never thought seriously of her?""","EjCVT",37
227,"letter about her to produce?"" No, she had heard from him very lately,","BT26y",69
228,"","BT26y",0
229,"pianoforte.""","6QBpq",12
230,"""When I talked of your being altered by time, by the progress of years,""","EjCVT",72
231,"Emma was most happy to be called to such a council; and her father,","BT26y",67
232,"","MJLY1",0
233,"inviting accent, renewed the conversation; for as to the subject which","ARN8g",70
234,"","MJLY1",0
235,"Isabella;--which poor Isabella, passing her life with those she doated","54HhG",70
236,"","cT69v",0
237,"herself to feel so much pain as pleasure. Every friend of Miss Taylor","6QBpq",69
238,"of all. Every part of it brought pain and humiliation, of some sort or","LBrRi",70
239,"Elton's return, and being hung over the mantelpiece of the common","54HhG",65
240,"whenever poor Isabella's little ones have the measles, she will send for","EjCVT",72
241,"the proper name--I should rather say Barnes, or Bates. Do you know any","MJLY1",70
242,"together in conversation about the invalid--of whom he, on the rumour","MJLY1",69
243,"you for the sight of it. We admired it so much, that I have ventured","cT69v",68
244,"","54HhG",0
245,"","6QBpq",0
246,"family may be. We ought to be acquainted with Enscombe, and with Mrs.","cT69v",69
247,"begged to be shewn the house which his father had lived in so long, and","ARN8g",71
248,"","ARN8g",0
249,"""From the very circumstance of its being larger, sir. We shall have no","BT26y",70
250,"information. She has been taught nothing useful, and is too young and","LBrRi",69
251,"London; he might as well be at Enscombe; but Richmond was the very","TMfRs",66
252,"of both to the utmost, was the question. With respect to her father,","ARN8g",68
253,"Randalls again this spring. But, on the other hand, she could not admit","ARN8g",71
254,"","MJLY1",0
255,"she could have no doubt--putting every thing together--that Jane was","cT69v",68
256,"staying one whole day at Hartfield--which one day would be the very day","cT69v",71
257,"refreshments at exactly the proper hour, and in the proper order.","LBrRi",65
258,"","Tw12g",0
259,"Goddard that Harriet was liable to very bad sore-throats, and had often","EjCVT",71
260,"older--and even Mr. Weston might be growing older ten years hence--to","MJLY1",69
261,"","Tw12g",0
262,"","Tw12g",0
263,"sister, who was _very_ _well_ _married_, to a gentleman in a _great_","ARN8g",68
264,"","LBrRi",0
265,"","cT69v",0
266,"cold as the nights are now. And as I looked at her, though I never saw","LBrRi",70
267,"with Uncle Knightley, who is absent from home about five hours where she","cT69v",72
268,"Emma smiled and answered--""My visit was of use to the nervous part of","cT69v",69
269,"""Yes; and every delay makes one more apprehensive of other delays. Even","ARN8g",71
270,"of the 26th ult., as you will conclude, immediately opened to me the","LBrRi",68
271,"in a very short time.","6QBpq",21
272,"With the exception of this little blot, Emma found that his visit","6QBpq",65
273,"","BT26y",0
274,"on the wretched moment. She had never been quite well since the time of","Tw12g",71
275,"the coaches past; and every thing in this world, excepting that trunk","cT69v",69
276,"coming, with more than common certainty. ""His aunt was so much better,","Tw12g",70
277,"London, may not quite enter into our feelings.""","54HhG",47
278,"","TMfRs",0
279,"","MJLY1",0
280,"""You must feel it very fortunate that Miss Fairfax should be allowed to","cT69v",71
281,"He did not know what they had best do. They must keep as much together","cT69v",70
282,"general would not think such beauty, and such temper, the highest claims","ARN8g",72
283,"""Her friends must all be sorry to lose her; and will not Colonel and","6QBpq",68
284,"judicious law of her own brain laid down with speed.--She was decided,","cT69v",70
285,"","6QBpq",0
286,"unless you keep on the footpath; but my coachman can tell you where you","Tw12g",71
287,"entirely without any claim to it. You have drawn two pretty pictures;","LBrRi",69
288,"ideas--her own former conversations with him about Miss Fairfax; and","cT69v",68
289,"","Tw12g",0
290,"more what I said--I was in such a tremble!--I remember she said she","54HhG",67
291,"that he can;--here are we setting forward to spend five dull hours in","EjCVT",69
292,"her (Mr. and Mrs. Dixon) excessively to come over with Colonel and Mrs.","LBrRi",71
293,"","BT26y",0
294,"","ARN8g",0
295,"""Oh! but indeed I would much rather have it only in one. Then, if you","Tw12g",69
296,"","cT69v",0
297,"added,","MJLY1",6
298,"prepared to have Jane Fairfax succeed Mr. Elton; but he was actually","TMfRs",68
299,"","54HhG",0
300,"the top, and made the best of her way by a short cut back to Highbury.","MJLY1",70
301,"      Which my second is destin'd to feel","ARN8g",41
302,"the eldest was not, but Isabella would have him called Henry, which I","LBrRi",69
303,"She meant to be very happy, in spite of the scene being laid at Mr.","Tw12g",67
304,"would affect Frank was among the earliest thoughts of both. It was also","LBrRi",71
305,"He bowed.","54HhG",9
306,"the elderly men, was such as Emma felt must draw every body's eyes;","6QBpq",67
307,"","BT26y",0
308,"""I am disappointed,"" was his only answer.","Tw12g",41
309,"on her the next day, and found her doom already signed with regard to","EjCVT",69
310,"warm admiration, so much gratitude for the happiness she secured to his","LBrRi",71
311,"","ARN8g",0
312,"it would be a proof of attention and kindness in herself, from whom","BT26y",67
313,"Woodhouse and Emma, till Mr. Woodhouse, who had previously made up his","EjCVT",70
314,"to sit down to the instrument, if the lady in question could sit down","MJLY1",69
315,"to encroach.--I must still add to this long letter. You have not heard","6QBpq",70
316,"","cT69v",0
317,"immediately promised them money, and taking out her purse, gave them a","6QBpq",70
318,"""No, I do not; that is, I do not mean--What shall I do? What would you","cT69v",70
319,"enough to reach Hartfield, before her spirits were quite overcome.","BT26y",66
320,"side was that she _refused_ _him_. Their affection was always to subside","LBrRi",72
321,"""I know how highly you think of Jane Fairfax,"" said Emma. Little Henry","Tw12g",70
322,"his evening at Hartfield. Emma and Harriet were going to walk; he joined","54HhG",72
323,"really believe you might, even without the harp, stipulate for what","cT69v",67
324,"","Tw12g",0
325,"as any other man; but I hear of none, except what are merely personal;","6QBpq",70
326,"her shortly.--I shall introduce her, of course, very particularly to my","Tw12g",71
327,"inimitable charade walked in again. Harriet turned away; but Emma could","ARN8g",71
328,"own work?","Tw12g",9
329,"any difficulty. I should not attempt it, if it were to be the means of","MJLY1",70
330,"present and of the future state of the engagement. Mrs. Weston was","54HhG",66
331,"","ARN8g",0
332,"and decided in her ways, Emma lost no time in inviting, encouraging, and","BT26y",72
333,"aunt.--The rest I leave to you. I have no objections at all to meeting","6QBpq",70
334,"years' absence.","MJLY1",15
335,"","54HhG",0
336,"CHAPTER XIV","6QBpq",11
337,"am going now.""","MJLY1",14
338,"""Yes--I _have_ called there; passing the door, I thought it better. It","EjCVT",70
339,"and that he did mention, without its being much to the purpose, that","MJLY1",68
340,"heard him add, in a lower tone, before he quitted the room,--""I have","cT69v",68
341,"year. Indeed, when the time draws on, I shall decidedly recommend their","6QBpq",71
342,"Harriet Smith was the natural daughter of somebody. Somebody had placed","TMfRs",71
343,"present, said, and with a sincerity which no one could question--","EjCVT",65
344,"","cT69v",0
345,"claims and disdain of Harriet, he had done nothing. On that article,","MJLY1",68
346,"evening, his solace, his delight. It opens his designs to his family,","54HhG",69
347,"comes to the question of dependence or independence!--At any rate, it","BT26y",69
348,"been imposing on herself in a degree yet more mortifying; that she","ARN8g",66
349,"opinion of the instrument will be worth having.'--But, said I, I shall","BT26y",70
350,"he should be glad to see him; and Mr. Weston engaged to lose no time in","6QBpq",71
351,"more,) at the conduct of the Churchills, in keeping him away. She then","LBrRi",70
352,"always known their writing apart.""","BT26y",34
353,"very much resolved on being seriously accepted as soon as possible. It","TMfRs",70
354,"on, and it was all melancholy stagnation. Mrs. Elton's resources were","54HhG",69
355,"""A bad thing! Do you really think it a bad thing?--why so?""","BT26y",59
356,"Short letters from Frank were received at Randalls, communicating all","EjCVT",69
357,"and came on to Hartfield, impatient for your opinion, and hoping you","Tw12g",68
358,"condemn him. Let us have patience. I must love him; and now that I am","54HhG",69
359,"likenesses? You know nothing of drawing. Don't pretend to be in raptures","54HhG",72
360,"I thought it would be imprudent in him to settle so early; whether","Tw12g",66
361,"Elton looked up to him.","TMfRs",23
362,"others, to save your health and credit, and restore your tranquillity.","ARN8g",70
363,"inconsiderate, how indelicate, how irrational, how unfeeling had been","Tw12g",69
364,"","cT69v",0
365,"and the same musician engaged, met with the readiest acquiescence. Mr.","TMfRs",70
366,"to fall in love with _her_, or that he became conscious of a little","TMfRs",67
367,"""Dear me!--it is so odd to hear a woman talk so!""--","cT69v",51
368,"decision of character! Skilful has been the hand!""","TMfRs",50
369,"the lady, who only wanted to be going somewhere. She promised him again","cT69v",71
370,"was there a human creature who would so designedly suppress her own","6QBpq",67
371,"They combated the point some time longer in the same way; Emma rather","EjCVT",69
372,"a young man?--An hour's ride. He would be always coming over. The","TMfRs",65
373,"rejoice in it; and the family from whom he had received such a blessing","MJLY1",71
374,"the hour, before the other gentlemen appeared. Mr. Weston was chatty and","LBrRi",72
375,"""I do so wonder, Miss Woodhouse, that you should not be married, or","ARN8g",67
376,"""Mrs. Elton, I suppose, has been the person to whom Miss Fairfax owes--""","BT26y",72
377,"","6QBpq",0
378,"complaint;--""a throat very much inflamed, with a great deal of heat","BT26y",67
379,"","6QBpq",0
380,"","TMfRs",0
381,"really subsided into a mere nothing; it was not worth thinking of;--but","ARN8g",71
382,"amused to think how little information I obtained.""","ARN8g",51
383,"accepted it with a very eager hand, with an impatience all alive to know","EjCVT",72
384,"solicitude for the immediate enjoyment of her little ones, and for their","TMfRs",72
385,"much in love indeed!--and when he comes again, if his affection","BT26y",63
386,"","BT26y",0
387,"must reason herself into the power of performance; and Emma could not","EjCVT",69
388,"youth had passed without distinction, and her middle of life was devoted","MJLY1",72
389,"Harriet felt this too much to utter more than a few words of eager","Tw12g",66
390,"it, to have it apologised over as an unfavourable likeness, to every","BT26y",68
391,"done. Before this time last year I assure you we had had a delightful","BT26y",69
392,"clever.""","ARN8g",8
393,"favour of a pleasant party. Mr. Weston directed the whole, officiating","BT26y",70
394,"I have not the smallest doubt of the issue. I am as confident of seeing","BT26y",71
395,"To guess what all this meant, was impossible even for Emma. Something","EjCVT",69
396,"Mrs. Weston added, ""that he could only allow himself time to hurry to","MJLY1",69
397,"a young man might be very safely recommended to take Mr. Elton as a","54HhG",67
398,"and Hartfield had been a continual impediment--less acknowledged by Mr.","LBrRi",71
399,"","LBrRi",0
400,"She looked up at him for a moment, coloured deeply, and played something","BT26y",72
401,"from Scotland, to look after his new estate. What will it answer? Will","54HhG",70
402,"deal of friendly and of compassionate attachment on his side--but no","ARN8g",68
403,"I could.""","MJLY1",9
404,"be the following and every future winter of her life to the past, it","6QBpq",68
405,"The gipsies did not wait for the operations of justice; they took","BT26y",65
406,"to have done, for his temper and spirits--his delightful spirits, and","BT26y",69
407,"","ARN8g",0
408,"possible. Mrs. Weston wants to see you. She must see you.""","6QBpq",58
409,"""Yes,"" said Emma, ""I hope I do.""","EjCVT",32
410,"He thanked her, observing, ""How lucky that we should arrive at the same","ARN8g",71
411,"reserved, so very unwilling to give the least information about any","LBrRi",67
412,"for the offence of others, by being held below the level of those with","LBrRi",70
413,"and that they were to have a tete-a-tete drive. It would not have been","Tw12g",70
414,"it is very small and delicate--Hartfield pork is not like any other","TMfRs",67
415,"the wealth of the Churchills, and he had only his own comfort to seek,","MJLY1",70
416,"about this marriage. A worthy employment for a young lady's mind! But","TMfRs",69
417,"the injustice and selfishness of angry feelings, she acknowledged that","Tw12g",70
418,"Considering the very superior claims of the object, it ought; and","EjCVT",65
419,"any thing to say, to sit down and write a letter, and say just what you","54HhG",71
420,"as usual. ""He should be happy to see Mrs. Goddard. He had a great regard","MJLY1",72
421,"coming back yesterday from Clayton Park, he had met Mr. Elton, and","ARN8g",66
422,"","BT26y",0
423,"there is any temptation of pleasure.""","BT26y",37
424,"Swisserland, but it will be something for a young man so much in want of","MJLY1",72
425,"""Yes, all of us; Mrs. Elton would have us come. It was settled so, upon","LBrRi",71
426,"want of taste, though strength of understanding must not be expected.","cT69v",69
427,"","MJLY1",0
428,"little whims.""","EjCVT",14
429,"hers--one to whom she could speak every thought as it arose, and who had","EjCVT",72
430,"necessity. Mr. John Knightley must be in town again on the 28th, and we","ARN8g",71
431,"always easy to begin abusing Miss Woodhouse; and the enmity which","54HhG",65
432,"Escape, however, was not his plan. He came to the part of the room where","TMfRs",72
433,"letter over again, and settle how long he had been gone, and how much","cT69v",69
434,"and she had no scruples which could stand many minutes against the","LBrRi",66
435,"the purchase before his death.""","6QBpq",31
436,"easily obtained as he had fancied, he would soon try for Miss Somebody","BT26y",70
437,"could really judge. She appeared to me to play well, that is, with","54HhG",66
438,"She had had three weeks of happy exemption from Mr. Elton; and Harriet's","MJLY1",72
439,"quickest, and I think our feelings will lose no time there. I hope you","6QBpq",70
440,"","Tw12g",0
441,"""Oh! now you are looking very sly. But consider--you need not be afraid","54HhG",71
442,"be unintelligible to Emma.","EjCVT",26
443,"firm, upright figure, among the bulky forms and stooping shoulders of","Tw12g",69
444,"you satisfied that Colonel Campbell was the giver, I saw it only as","Tw12g",67
445,"course--and it was hardly less inevitable that poor little Harriet must","Tw12g",71
446,"have imagined any thing but inviting.""","cT69v",38
447,"voice, whether Harriet could indeed have received any hint.","LBrRi",59
448,"Donwell road. He was on foot, and after looking very respectfully at","54HhG",68
449,"","LBrRi",0
450,"","Tw12g",0
451,"agreeable, Mr. Knightley, because she had Emma.""","MJLY1",48
452,"with me.""","ARN8g",9
453,"reserve and self-command, it would.--She must communicate the painful","TMfRs",69
454,"if possible. It was being very deficient.""","6QBpq",42
455,"Smith's manners--and altogether--Oh, it is most admirable! I cannot keep","BT26y",72
456,"","LBrRi",0
457,"goings-on, is very great.""","6QBpq",26
458,"heard the words ""my son,"" and ""Frank,"" and ""my son,"" repeated several","ARN8g",69
459,"seeing Mrs. Cole or any other steady friend, when she might not bear","54HhG",68
460,"well.""","cT69v",6
461,"advise me to do? Pray, dear Miss Woodhouse, tell me what I ought to do.""","TMfRs",72
462,"fast.""","ARN8g",6
463,"consciousness with which congratulations were received, the blush","BT26y",65
464,"and must therefore spend some quiet interval in the young man's company.","Tw12g",72
465,"to leaving you, it is what I would not do upon any consideration.""","EjCVT",66
466,"","BT26y",0
467,"Martin is the man. Her visit to Abbey-Mill, this summer, seems to have","ARN8g",70
468,"replied;--""but you must often wish it, I am sure."" And he smiled with","LBrRi",69
469,"merely to give us notice--it tells us that they are all coming up to","Tw12g",68
470,"coming. I hope you will think better of their looks to-morrow; for I","TMfRs",68
471,"","MJLY1",0
472,"","BT26y",0
473,"was scarcely an evening in the week in which Emma could not make up a","LBrRi",69
474,"they sell gloves.""","BT26y",18
475,"eagerness of Harriet's wondering questions.","6QBpq",43
476,"should not have done it, indeed you should not. Ah! he is off. He never","cT69v",71
477,"marry, even if she were asked by Mr. Knightley.","EjCVT",47
478,"insensibility to other things; but it was now too evident that she had","6QBpq",70
479,"The news was universally a surprize wherever it spread; and Mr. Weston","54HhG",70
480,"not look well, and grandmama will be uneasy. You are too obliging, my","BT26y",69
481,"would feel himself in the right; and the declaration--made, of course,","6QBpq",70
482,"to the sad change at Hartfield since she had been there last.","BT26y",61
483,"in thinking him likely to be happier than he deserves: but still as he","6QBpq",70
484,"doubtful, in the words he used; and I think I can give you a proof that","Tw12g",71
485,"doing them any harm. With all dear Emma's little faults, she is an","TMfRs",66
486,"much to be said for him altogether, she found she must not judge him","6QBpq",68
487,"love.""","54HhG",6
488,"to myself first, before I read them aloud to my mother, you know, for","54HhG",69
489,"now, in thoughtless spirits, and the pride of the moment, laugh at her,","Tw12g",71
490,"do you do, Miss Smith?--Very well I thank you.--And I begged Mrs. Weston","cT69v",72
491,"either way. You must be the best judge of your own happiness. If you","BT26y",68
492,"except her brother and his wife, who had never seen him, and who were","LBrRi",69
493,"Fairfax's.--Of such, one may almost say, that 'the world is not their's,","LBrRi",72
494,"all to Emma;--fortunate in having no other resemblance to a child, than","BT26y",71
495,"likely to join them, he changed the subject, and began talking about","BT26y",68
496,"to a certain point, not coarse. A better written letter, Harriet","54HhG",64
497,"Fairfax, I never could, under any blunder, have spoken ill of her; and","BT26y",70
498,"","BT26y",0
499,"thirteen.""","LBrRi",10
500,"quite impatient for a letter, that she might know how he was, how were","Tw12g",70
501,"what had not yet been seen, the old Abbey fish-ponds; perhaps get as far","TMfRs",72
502,"","LBrRi",0
503,"approaching winter, had proved erroneous; no friends had deserted them,","BT26y",71
504,"couple may stand here very well.""","BT26y",33
505,"He was in high spirits; as ready to talk and laugh as ever, and seemed","TMfRs",70
506,"obscurity, so thrown away.--Whatever advantages she may have enjoyed","54HhG",68
507,"Indeed I am not so mad.--But it is a pleasure to me to admire him at a","MJLY1",70
508,"","Tw12g",0
509,"""Oh! no--none in the least. I never saw Mrs. Weston better in my","Tw12g",64
510,"Eltons were still talking of a visit from the Sucklings, and of the use","6QBpq",71
511,"","MJLY1",0
512,"into such hazard till he had seen Mr. Perry and learnt his opinion; and","LBrRi",71
513,"be happy to deliver; but no more of this to _me_, if you please.""","Tw12g",65
514,"hurrying away. As to there being any quantity of snow fallen or likely","ARN8g",70
515,"""By all means. We shall be most happy to consider you as one of the","Tw12g",67
516,"the occasion. I told you that I did not wonder at your attachment;","EjCVT",66
517,"Harriet could not very soon give an intelligible account. She was","LBrRi",65
518,"all that he would be here before the time named. I remembered what I","Tw12g",68
519,"","LBrRi",0
520,"introduction at Hartfield, was not one of the least agreeable proofs of","ARN8g",71
521,"What Mr. Elton had learned from the ostler on the subject, being the","6QBpq",68
522,"wit in Harriet, but will not dine alone for her.""","MJLY1",49
523,"""I am glad I have done being in love with him. I should not like a man","BT26y",70
524,"""When Miss Smiths and Mr. Eltons get acquainted--they do indeed--and","LBrRi",68
525,"more must an imaginist, like herself, be on fire with speculation and","TMfRs",69
526,"This was too true for contradiction. Unwelcome as it was, Mr. Woodhouse","EjCVT",71
527,"course, put forth his best.""","TMfRs",28
528,"Emma was pleased with the thought; and producing the box, the table","cT69v",67
529,"","ARN8g",0
530,"parlours, indeed; one of them quite as large as Mrs. Goddard's","Tw12g",62
531,"can do now.""","LBrRi",12
532,"Emma was in no danger of forgetting. It was a commission to touch every","BT26y",71
533,"pass the door without inquiring after Mrs. Bates; but I have been so","BT26y",68
534,"by nobody; an easy, guidable man, to be persuaded into any thing by his","6QBpq",71
535,"cannot really, seriously, doubt it. No!--(in an accent meant to be","ARN8g",66
536,"a return of it as made her absolutely powerless--and in this state, and","ARN8g",71
537,"about Jane's handwriting?""","BT26y",26
538,"promising never to go beyond the shrubbery again. It was some comfort","EjCVT",69
539,"""I would ask for the pleasure of your company, Mr. Knightley, but I am a","54HhG",72
540,"""But really, I am half ashamed, and wish I had never taken up the idea.""","MJLY1",72
541,"almost a bluntness in Mr. Weston, which every body likes in _him_,","cT69v",66
542,"all my thoughts and cares!--and if my uncle and aunt go to town this","EjCVT",68
543,"treble, gave the arrangement their ready sanction, and said, that they","EjCVT",70
544,"but she had the comfort of appearing very polite, while feeling very","LBrRi",68
545,"","EjCVT",0
546,"not have thought either Mr. Woodhouse or Mr. Knightley particularly","EjCVT",67
547,"""And so she is to come to us next Friday or Saturday, and the Campbells","ARN8g",71
548,"and during the ten days of their stay at Hartfield it was not to be","ARN8g",67
549,"been with the sole view of marking my adoration of yourself. You","Tw12g",64
550,"","ARN8g",0
551,"have pleasant accounts from Windsor?""","LBrRi",37
552,"spread over his air. She was, in fact, beginning very much to wonder","6QBpq",68
553,"","MJLY1",0
554,"","LBrRi",0
555,"awkward moment, Emma smilingly said,","LBrRi",36
556,"the commonest process of a not ill-disposed mind. Presently the carriage","EjCVT",72
557,"a little less of open-heartedness would have made him a higher","ARN8g",62
558,"The evening before this great event (for it was a very great event that","cT69v",71
559,"had a burst of admiration on first arriving; but in the general amount","BT26y",70
560,"thought.--Mr. Knightley and Harriet Smith!--Such an elevation on her","BT26y",68
561,"""Oh! the best nature in the world--a wedding.""","EjCVT",46
562,"you prefer it. You can borrow Mrs. Cole's. I would wish every thing to","54HhG",70
563,"positive curse.""","BT26y",16
564,"solicitude on her account. Harriet would be anxiety enough; she need","TMfRs",68
565,"the event of his marriage. He is an excellent young man, both as son and","ARN8g",72
566,"","6QBpq",0
567,"Abbey-Mill Farm, it must have been the whole. But the Martins occupied","EjCVT",70
568,"education, without any danger of coming back prodigies. Mrs. Goddard's","cT69v",70
569,"","MJLY1",0
570,"","BT26y",0
571,"any thing so outree!--Those curls!--This must be a fancy of her own. I","6QBpq",70
572,"","TMfRs",0
573,"it delightful?--Miss Woodhouse and Mr. Frank Churchill; I never saw any","ARN8g",71
574,"and self-satisfied, eager and busy, caring nothing for Miss Woodhouse,","cT69v",70
575,"","MJLY1",0
576,"intended.""","MJLY1",10
577,"Harriet, by additional softness, but it strikes me that his manners are","54HhG",71
578,"must not; you shall not, indeed.""","EjCVT",33
579,"","cT69v",0
580,"but perhaps you may not dislike looking at it.""","MJLY1",47
581,"generally thought so."" ""Did he appear a sensible young man; a young","TMfRs",67
582,"Knightley's not dancing than by any thing else.--There he was, among","TMfRs",68
583,"","LBrRi",0
584,"it: Miss Fairfax herself. She must have felt the improper and dangerous","MJLY1",71
585,"is so long since I have seen her, except now and then for a moment","Tw12g",66
586,"he never forgets you.""","ARN8g",22
587,"lose. I should myself have shrunk from any thing so hasty, and she","BT26y",66
588,"writes one of the best gentleman's hands I ever saw.""","EjCVT",53
589,"speak of the share he had had in their moonlight walks and merry evening","BT26y",72
590,"and of fancying what the observations of all those might be, who were","BT26y",69
591,"weather threatened rain; Mr. and Mrs. Weston and their son, Miss Bates","TMfRs",70
592,"","54HhG",0
593,"Farmer Mitchell's, I made up my mind on the subject. I planned the match","BT26y",72
594,"","EjCVT",0
595,"","6QBpq",0
596,"phrase?--Your Yorkshire friend--your correspondent in Yorkshire;--that","cT69v",70
597,"CHAPTER XIV","LBrRi",11
598,"kingdom? I wonder who the friend was--and who could be the young lady.","BT26y",70
599,"forward to the great event.","54HhG",27
600,"supplication; and in this state of swelling resentment, and mutually","TMfRs",68
601,"could be compared with hers, and she had always known exactly how far","54HhG",69
602,"is all guess and luck--and will generally be ill-luck. How many a man","Tw12g",69
603,"will not object to my reading the charade to him. It will be giving him","MJLY1",71
604,"no other light than as an offering of love.""","TMfRs",44
605,"","ARN8g",0
606,"and interest; but nothing now remained of it, save the melancholy","ARN8g",65
607,"thing gives way to her.""","EjCVT",24
608,"""Whoever might be her parents,"" said Mr. Knightley, ""whoever may have","54HhG",69
609,"very much vexed. He felt the disappointment of the young man, and was","54HhG",69
610,"Emma, smiling; ""but you do not mean to deny that there was a time--and","ARN8g",70
611,"But that would not do. Mr. Weston was to call in the evening, and she","ARN8g",69
612,"ready; and before Mr. Woodhouse had reached her with his request to be","cT69v",70
613,"glance forward at any possible treachery in his guest, give way to all","BT26y",70
614,"if he wanted to say any thing himself, he would only talk louder, and","cT69v",69
615,"returned with Mrs. Weston to Mrs. Bates's door. Emma watched them in,","BT26y",69
616,"till they could bring her back.","6QBpq",31
617,"","54HhG",0
618,"Mrs. Weston might be persuaded away by her husband to the exercise and","BT26y",70
619,"whist with his neighbours five times a week, than upon family affection,","TMfRs",72
620,"of business in London, should set off again, and walk half a mile","MJLY1",65
621,"lasted some hours--and he had quite given up every thought of coming,","MJLY1",69
622,"In this age of literature, such collections on a very grand scale are","54HhG",69
623,"quest of.","ARN8g",9
624,"seems to be a new idea to you.--If I had been there, I think I should","54HhG",69
625,"a vast deal of that in the neighbourhood round Maple Grove. A cousin of","EjCVT",71
626,"to think of Mr. Martin, but to talk of Mr. Elton. Miss Nash had been","54HhG",68
627,"the cruel state of things before, and for the very complete enjoyment","ARN8g",69
628,"","6QBpq",0
629,"gentleman and lady we have been speaking of?""","TMfRs",45
630,"five minutes) the proposal of dancing--originating nobody exactly knew","LBrRi",70
631,"but having answered the letter, had put it away.","EjCVT",48
632,"engaging to think it all over while she was gone, the two young people","cT69v",70
633,"which I can neither comprehend nor respect.""","cT69v",44
634,"","cT69v",0
635,"towards this view she immediately perceived Mr. Knightley and Harriet","TMfRs",69
636,"fortitude of her little friend--for fortitude she knew it was in her to","MJLY1",71
637,"through my particular friends, then I begin dreaming of Mr. and Mrs.","MJLY1",68
638,"is absent one--and who, when he is at home, is either reading to himself","TMfRs",72
639,"""Ah!--so you say; but I cannot believe it.""","TMfRs",43
640,"Enscombe however was gracious, gracious in fact, if not in word. His","ARN8g",68
641,"flattering himself that his ardent attachment and unequalled love and","EjCVT",69
642,"When people come into a beautiful country of this sort, you know, Miss","BT26y",70
643,"were safe and well. No additional agitation should be thrown at this","EjCVT",68
644,"much agitated to encounter him. ""She could not compose herself--","BT26y",64
645,"""What an amiable creature I was!--No wonder you should hold my speeches","EjCVT",71
646,"at work, if one talks at all;--your real workmen, I suppose, hold their","Tw12g",71
647,"beautiful girl, and must be thought so by ninety-nine people out of an","TMfRs",70
648,"fellow I took him for."" She had half a mind to resent; but an instant's","EjCVT",71
649,"","TMfRs",0
650,"beneath them. You think you carry it off very well, I dare say, but","Tw12g",67
651,"and advised him to think of it more; but he was fully convinced, that no","MJLY1",72
652,"be quiet, and out of temptation; but still, as it was desirable that she","ARN8g",72
653,"of publicity.","cT69v",13
654,"even delicacy of feeling. She paused over it, while Harriet stood","TMfRs",65
655,"be; and within a few minutes were joined by the contents of another","cT69v",67
656,"regret excessively on dear Emma's account that she cannot be more at","EjCVT",68
657,"Mr. Knightley has any thought of marrying Jane Fairfax.""","6QBpq",56
658,"with any of the others, or sitting almost alone, and quite unattended","54HhG",69
659,"answer questions which puzzled her sister at seventeen. She was always","cT69v",70
660,"so abundant in agreeable families--that Emma began to feel she had been","LBrRi",71
661,"does seem to have had some scruples. It is a pity that they were ever","54HhG",69
662,"While she was gone, Mr. Knightley called, and sat some time with Mr.","6QBpq",68
663,"begins to want change. It is a retired place. A fine place, but very","54HhG",68
664,"","54HhG",0
665,"","TMfRs",0
666,"of great sensibility, speaking low,","cT69v",35
667,"grateful--and her parting words, ""Oh! Miss Woodhouse, the comfort of","cT69v",68
668,"seen it.""","6QBpq",9
669,"Harriet's cheerful look and manner established hers: she came back, not","6QBpq",71
670,"","6QBpq",0
671,"""Prejudiced! I am not prejudiced.""","BT26y",34
672,"consisting precisely of those whose society was dearest to her, occurred","LBrRi",72
673,"perseverance in dwelling on the subject; and having so much to ask and","6QBpq",70
674,"","TMfRs",0
675,"confiding esteem, she could not, in her general conduct, be open to any","ARN8g",71
676,"servants at Randalls, was, that a messenger had come over from Richmond","cT69v",71
677,"with a very interesting naivete,","TMfRs",32
678,"being at any ball of any description, and no material injury accrue","MJLY1",67
679,"but I cannot admit him to be Harriet's equal; and am rather surprized","cT69v",69
680,"","cT69v",0
681,"","Tw12g",0
682,"first in interest and affection.--Satisfied that it was so, and feeling","Tw12g",71
683,"living together as friend and friend very mutually attached, and Emma","EjCVT",69
684,"","MJLY1",0
685,"the least idea!--Jane took Mrs. Elton aside, and told her at once, that","54HhG",71
686,"be a little more nice, and I am sure the good Campbells will be quite","MJLY1",69
687,"existence--never paid her any attentions, but as your friend: never","LBrRi",67
688,"him too great a compliment, but she did think there were some looks a","Tw12g",69
689,"","MJLY1",0
690,"and Miss Smith receiving her summons, was with her without delay, and","LBrRi",69
691,"""Never! really, never!--Bless me! how could it be?--Then I must have","MJLY1",68
692,"engagement.--'His father's disposition:'--he is unjust, however, to his","MJLY1",71
693,"talk, and arranged the glasses, and wrapped herself up, without opening","54HhG",71
694,"Weston could only approve. Isabella then went to Emma; but Emma could","Tw12g",69
695,"One takes up a notion, and runs away with it. Mr. Dixon, you say, is","Tw12g",68
696,"""You think I ought to refuse him then,"" said Harriet, looking down.","EjCVT",67
697,"","54HhG",0
698,"or his feelings, to stay at home himself, and keep all under shelter","TMfRs",68
699,"foolish. She did not think he was quite so hardened as his wife, though","EjCVT",71
700,"have his friends come and see him; and from various united causes, from","54HhG",71
701,"Churchills.""","Tw12g",12
702,"the past, obliged her to admit that Jane might very naturally resolve on","54HhG",72
703,"on her sister's side, Emma proposed it to her friend, and found her","54HhG",67
704,"strengthened when it was understood that he had written to his new","Tw12g",66
705,"The real evils, indeed, of Emma's situation were the power of having","54HhG",68
706,"them.""","54HhG",6
707,"gave you principles. You must have done well. My interference was quite","LBrRi",71
708,"inconsistency; but Mr. Knightley was so obliging as to put up with it,","54HhG",70
709,"","TMfRs",0
710,"","ARN8g",0
711,"loss which first brought grief. It was on the wedding-day of this","BT26y",65
712,"","ARN8g",0
713,"","ARN8g",0
714,"to say--Yes, indeed, I quite understand--dearest Jane's prospects--that","LBrRi",71
715,"","Tw12g",0
716,"anger, though a slight blush shewed that it could pain her.","BT26y",59
717,"had met with it in his way, and had taken the liberty of opening it.","cT69v",68
718,"picture!""","LBrRi",9
719,"cheerful Mr. Weston, to remove.","54HhG",31
720,"""Dear affectionate creature!--_You_ banished to Abbey-Mill Farm!--_You_","EjCVT",71
721,"thing. It is not likely that I _should_, considering what I have been","54HhG",69
722,"""I think, indeed,"" said John Knightley pleasantly, ""that Mr. Weston has","6QBpq",71
723,"","Tw12g",0
724,"amiable, obliging, gentle Mr. Elton.--She looked round for a moment; he","6QBpq",71
725,"was better than could be expected; and their first removal, on the","ARN8g",66
726,"Churchills again, found herself directly involved in a disagreement","MJLY1",67
727,"addition to her privileges. But in every respect, as she saw more of","EjCVT",68
728,"father. He knows it to be so, by his promises and messages; but if he","LBrRi",69
729,"","6QBpq",0
730,"not been there two minutes when she found that Harriet's habits of","54HhG",66
731,"give her attention again to her father and sister, she had nothing","cT69v",66
732,"himself, ""Women will have their little nonsenses and needless cares.""","TMfRs",69
733,"undertaken more than she was equal to, and that she felt it so herself,","ARN8g",71
734,"abominable folly of Miss Bickerton in the warmest terms. Every thing was","LBrRi",72
735,"and neither Emma nor the gentlemen could tolerate the prospect of being","ARN8g",71
736,"","Tw12g",0
737,"could not be fairly supposed that he had been ever voluntarily absenting","LBrRi",72
738,"disservice.--It was true that she had not to charge herself, in this","TMfRs",68
739,"resolved.--She believed it would be wiser for her to say and know at","LBrRi",68
740,"water-colours had been all tried in turn. She had always wanted to do","TMfRs",69
741,"distressed that I had owned the apples were so nearly gone; she wished","TMfRs",70
742,"of it; but there was a good deal of wet, damp, cheerless weather;","ARN8g",65
743,"","MJLY1",0
744,"","EjCVT",0
745,"""Oh! do not tell _me_. You really are a very sad girl, and do not know","EjCVT",70
746,"","6QBpq",0
747,"what to say. It seemed like the forerunner of something absolutely","EjCVT",66
748,"well in Brunswick Square. It was a happy circumstance, and animated","6QBpq",67
749,"say that I might not influence her a little; but I assure you there","cT69v",67
750,"themselves! Your description of Mrs. Churchill made me think of them","cT69v",68
751,"body ought to have two pair of spectacles; they should indeed. Jane said","MJLY1",72
752,"put off, but both father and daughter were disturbed by its happening","ARN8g",69
753,"attached to him. And now I can tolerably comprehend his behaviour. He","Tw12g",69
754,"Delightful, charming, superior, first circles, spheres, lines, ranks,","BT26y",69
755,"blessings in such an excellent mother, and so many good neighbours","Tw12g",66
756,"disposed to think Miss Taylor had done as sad a thing for herself as for","LBrRi",72
757,"not have believed it of you!""","cT69v",29
758,"and sister are here. I am sure she will be pleased with the children.","EjCVT",69
759,"CHAPTER XII","6QBpq",11
760,"nothing, was enough for the happiness of the present hour. Jane Fairfax","MJLY1",71
761,"This was the conclusion of the first series of reflection. This was","cT69v",67
762,"to compare them, person and manners, there is no comparison at all,","LBrRi",67
763,"sigh. ""I am afraid I am sometimes very fanciful and troublesome.""","LBrRi",65
764,"","BT26y",0
765,"exceed his alertness and attention in conducting them into his house and","EjCVT",72
766,"She came forward with an offered hand; and said, in a low, but very","cT69v",67
767,"mentioned it in one of her letters to Enscombe, many weeks ago, with all","6QBpq",72
768,"""Yes, to be sure, I suppose there are. But while I visit at Hartfield,","BT26y",70
769,"","Tw12g",0
770,"""Good Heaven!"" cried Mr. Elton, ""what can be the meaning of this?--Miss","MJLY1",71
771,"fellow!--No more exploring parties to Donwell made for _her_. Oh!","TMfRs",65
772,"girls.""","EjCVT",7
773,"","EjCVT",0
774,"myself. I have done with match-making indeed. I could never hope to","MJLY1",67
775,"full of trivial communications and harmless gossip.","TMfRs",51
776,"","54HhG",0
777,"deserving. He came down by yesterday's coach, and was with me this","EjCVT",66
778,"expectations of extraordinary virtue from those for whom education had","ARN8g",70
779,"am sure you must be,' said he, 'and I will send you another supply; for","Tw12g",71
780,"","ARN8g",0
781,"feel the omission. Had she been a person of consequence herself, he","TMfRs",67
782,"In this style she ran on; never thoroughly stopped by any thing till Mr.","6QBpq",72
783,"to South End. South End is an unhealthy place. Perry was surprized to","TMfRs",69
784,"Hartfield. The longer she considered it, the greater was her sense","ARN8g",66
785,"","Tw12g",0
786,"","LBrRi",0
787,"the season indeed for friendly meetings. At Christmas every body invites","54HhG",72
788,"","ARN8g",0
789,"seemed every day to supply a different report, and the situation of Mrs.","54HhG",72
790,"Mr. Martin is not very, very bitterly disappointed.""","LBrRi",52
791,"","54HhG",0
792,"""You talk a great deal of the length of this passage, my dear. It is a","TMfRs",70
793,"dinners. She was a little shocked at the want of two drawing rooms, at","TMfRs",70
794,"to suffer, suffered a great deal more herself.","BT26y",46
795,"","ARN8g",0
796,"""I am very glad, indeed, my dear, to hear she is to be so comfortably","EjCVT",69
797,"who might marry any body! There cannot be two opinions about _him_. He","MJLY1",70
798,"words, for something more than ordinary.","TMfRs",40
799,"whiten the ground; a very few flakes were falling at present, but the","cT69v",69
800,"","Tw12g",0
801,"CHAPTER VIII","54HhG",12
802,"","6QBpq",0
803,"been of my wearying you. You could not have gratified me more than","6QBpq",66
804,"""Oh! good I am sure.--I see it in your countenance. You are trying not","LBrRi",70
805,"distinctly, and two or three times over, with explanations of every","Tw12g",67
806,"say much, his eyes declared that he meant to have a delightful evening.","EjCVT",71
807,"who could not be left out, it became a certainty that the five couple","EjCVT",69
808,"procure for me, when it is allowable, the acquittal and good wishes","TMfRs",67
809,"Ever since I left you this morning, Emma, my mind has been hard at work","LBrRi",71
810,"wonder of the kind.--The attachment of Frank Churchill and Jane Fairfax","ARN8g",71
811,"endure such a puppy when it came to the point.""","6QBpq",47
812,"again. Now do not you feel that you had? Yes, I am sure you are much too","TMfRs",72
813,"Poor old Mrs. Bates, civil and humble as usual, looked as if she did not","EjCVT",72
814,"himself--how much she saw to like in his disposition altogether. He","TMfRs",67
815,"","TMfRs",0
816,"a pleasure it is to send one's carriage for a friend!--I understand you","6QBpq",71
817,"""How do you like Mrs. Elton?"" said Emma in a whisper.","54HhG",53
818,"prominent feeling.","TMfRs",18
819,"love, indeed, to describe her so. Ah! Mr. Knightley, I wish you had the","MJLY1",71
820,"""Well, I cannot understand it.""","EjCVT",31
821,"and another might predict disagreements among their servants; but yet,","Tw12g",70
822,"before him of such near neighbourhood to many dear friends--for the","EjCVT",67
823,"in vain. She thought there was an air of greater happiness than usual--a","LBrRi",72
824,"""Yes, very soon. He gave me a quiet hint; I told him he was mistaken;","MJLY1",69
825,"","TMfRs",0
826,"_will_ sometimes obtrude--but how you can court them!""","BT26y",54
827,"retrospect for me. I behaved shamefully. And here I can admit, that","MJLY1",67
828,"The morning of the interesting day arrived, and Mrs. Weston's faithful","MJLY1",70
829,"","LBrRi",0
830,"respect, one point of the highest importance, so peculiarly eligible,","EjCVT",69
831,"","TMfRs",0
832,"distasteful.","TMfRs",12
833,"much.--It was not to be doubted that poor Harriet's attachment had been","Tw12g",71
834,"""I wish we could contrive it,"" said she; ""but I cannot think of any","54HhG",67
835,"would have been sufficient; but nothing else, she feared, would cure","BT26y",68
836,"","ARN8g",0
837,"","Tw12g",0
838,"will soon be better. I shall leave you together. There is no use in","TMfRs",67
839,"Mr. Elton's rights, however, gradually revived. Though she did not feel","Tw12g",71
840,"without hope of my growing, in time, as worthy of your affection, as","EjCVT",68
841,"busy herself about any thing than speak. He sat a little while in","ARN8g",65
842,"again--and I am sure I had no more idea that she would change her","BT26y",65
843,"","cT69v",0
844,"stomacher, or knit a pair of garters for her grandmother, one hears of","54HhG",70
845,"situation. Emma, your infatuation about that girl blinds you. What are","54HhG",70
846,"","TMfRs",0
847,"of pride that would harm nobody, and only make himself a little helpless","ARN8g",72
848,"almost hopeless.--A second allusion, indeed, gave less pain.--He","Tw12g",64
849,"in such weather, for of course you saw there would be snow very soon.","EjCVT",69
850,"","cT69v",0
851,"least from the time of Miss Woodhouse's encouraging her to think of him,","LBrRi",72
852,"","EjCVT",0
853,"inferiorities, which always brought the other in brilliancy before","cT69v",66
854,"neat, and he looked like a sensible young man, but his person had no","Tw12g",68
855,"","MJLY1",0
856,"from your own door when I had the pleasure of meeting you; and Henry","MJLY1",68
857,"thought at least it would turn out so.","LBrRi",38
858,"","cT69v",0
859,"at such a time, and follow up the beginning she was to make.--She was","TMfRs",69
860,"were pretending to feel an interest in the dance till their rubbers were","Tw12g",72
861,"It is not a state to be safely entered into with doubtful feelings, with","EjCVT",72
862,"acquainted with her: she did not know how it was, but there was such","EjCVT",68
863,"""I cannot make a question, or listen to a question about that. It is a","cT69v",70
864,"""Excuse me, ma'am, but this is by no means my intention; I make no","MJLY1",66
865,"friend, united to produce an offer from Colonel Campbell of undertaking","EjCVT",71
866,"""Oh! then, don't speak it, don't speak it,"" she eagerly cried. ""Take a","MJLY1",70
867,"""Conjecture--aye, sometimes one conjectures right, and sometimes one","TMfRs",68
868,"He perfectly agreed with her: and after walking together so long, and","TMfRs",69
869,"only by seeing women in their own homes, among their own set, just as","BT26y",69
870,"attend to her; and the quarter of an hour quite convinced her that","6QBpq",66
871,"said--""But I beg your pardon, Miss Woodhouse, you were speaking to me,","TMfRs",70
872,"","cT69v",0
873,"Emma seriously hoped she would. She had a moment's fear of Miss Bates","54HhG",69
874,"every moment--but she thought she might get to Hartfield first--she","ARN8g",67
875,"then, on being so entreated.--What did she say?--Just what she ought,","LBrRi",69
876,"points on which she was not quite easy. She doubted whether she had not","6QBpq",71
877,"but I shall not stop three minutes: and, Jane, you had better go home","MJLY1",69
878,"before they get good for nothing.' So I begged he would not--for really","LBrRi",71
879,"given, and only thanked Mrs. Elton coolly; ""but their going to Bath was","ARN8g",71
880,"sir. Something new for your coachman and horses to be making their way","cT69v",70
881,"must be better to have only one to please than two.""","Tw12g",52
882,"would never stir beyond the park paling.' Many a time has she said so;","TMfRs",70
883,"Harriet, necessarily drawn away by her engagements with the Martins,","6QBpq",68
884,"""--Mrs. Weston, I suppose,"" interrupted Mrs. Elton, rather mortified.","Tw12g",69
885,"""I do not know which it ought to be called.""","LBrRi",44
886,"solicitously addressing her upon every occasion. Instead of forgetting","MJLY1",70
887,"companion; but she had resolution enough to refrain from making","ARN8g",63
888,"taken an early dislike to Frank Churchill, was only growing to dislike","LBrRi",70
889,"CHAPTER XIII","ARN8g",12
890,"""And yet,"" said Emma, beginning hastily and with an arch look, but soon","TMfRs",71
891,"me less fit to bear any other place. Happy those, who can remain at","ARN8g",67
892,"","ARN8g",0
893,"I am sure you will believe the declaration, that had I not been","BT26y",63
894,"who had so many intimates and confidantes, was not the very first","LBrRi",65
895,"his good opinion.--He had been sitting with them half an hour, she","cT69v",66
896,"the truth. Mrs. Churchill rules at Enscombe, and is a very odd-tempered","BT26y",71
897,"been thinking of him the moment before, as unquestionably sixteen miles","ARN8g",71
898,"been accustomed to--of course he was not wholly without apprehension.","LBrRi",69
899,"Jane actually on the point of going as governess! What could he mean by","Tw12g",71
900,"have heard every thing to be sure. 'Can I do any thing for you at","ARN8g",65
901,"to her--and if I had known you were wanting an embrocation, I would have","LBrRi",72
902,"""Insufferable woman!"" was her immediate exclamation. ""Worse than I had","EjCVT",70
903,"With Tuesday came the agreeable prospect of seeing him again, and for","54HhG",69
904,"","BT26y",0
905,"reproach; but his temper was not his great perfection; and, indeed, with","MJLY1",72
906,"on Emma's side to talk of the weather, but he made no answer. He was","cT69v",68
907,"saving her from the danger of degradation.","MJLY1",42
908,"""Indeed!--from Yorkshire, I think. Enscombe is in Yorkshire?""","cT69v",61
909,"sharp retort equally ill-bestowed. It did not often happen; for Mr. John","54HhG",72
910,"shoulders--and it makes one think she must catch cold.""","ARN8g",55
911,"of her looks. I know you will soon call on her; she is living in dread","6QBpq",70
912,"","ARN8g",0
913,"scrape which he had drawn her into on Harriet's account, that gave the","ARN8g",70
914,"refinement.--But I had no choice. The hasty engagement she had entered","EjCVT",70
915,"feel that I had done wrong. Mr. Martin is a very respectable young man,","ARN8g",71
916,"""Such an eye!--the true hazle eye--and so brilliant! regular features,","LBrRi",70
917,"It was the answer to the communication of his intended marriage. Emma","ARN8g",69
918,"good of them to send her the whole way! But they always do, you know. Oh","MJLY1",72
919,"differently. He would either have gloried in the achievement, or","cT69v",64
920,"promise; but you were receiving a very good education from _her_, on the","TMfRs",72
921,"his spirits, how was his aunt, and what was the chance of his coming to","6QBpq",71
922,"again.","MJLY1",6
923,"very unfair one. It is always the lady's right to decide on the degree","TMfRs",70
924,"little tea if you please, sir, by and bye,--no hurry--Oh! here it comes.","LBrRi",72
925,"","MJLY1",0
926,"","BT26y",0
927,"surrounded, by the whole gang, demanding more.","MJLY1",46
928,"","ARN8g",0
929,"""Well,"" said she at last, trying to recover herself; ""this is a","6QBpq",63
930,"of my father's little rooms. I bring a new proposal on the subject:--a","TMfRs",70
931,"and enjoying the youthful simplicity which could speak with so much","Tw12g",67
932,"""I dare say your apologies were accepted, sir. Mr. Elton knows you.""","MJLY1",68
933,"had been lately shedding? To be in company, nicely dressed herself and","cT69v",70
934,"accounted for the previous tranquillity. Emma could have wished Mrs.","BT26y",68
935,"who so glad to assist him?--Who so cheerful, so attentive, so attached","MJLY1",70
936,"""You are prepared for the worst, I see--and very bad it is. Harriet","TMfRs",67
937,"""My Emma!"" replied Mrs. Weston, smiling, ""what is the certainty","ARN8g",63
938,"a tear, and hardly a long face to be seen. Oh no; we all felt that we","EjCVT",69
939,"","TMfRs",0
940,"","ARN8g",0
941,"muslin it was of no use to look at figured; and that a blue ribbon, be","LBrRi",70
942,"","Tw12g",0
943,"daughter; on the other the two Mr. Knightleys; their subjects totally","6QBpq",69
944,"why are you always so right?""","LBrRi",29
945,"fond of him. I used to think she was not capable of being fond of","6QBpq",65
946,"suggested by her fears, was, that he had perhaps been communicating his","cT69v",71
947,"","ARN8g",0
948,"will be as happy to see her friends at Highbury, as they can be to see","EjCVT",70
949,"friends the Campbells think she had better come home, and try an air","EjCVT",68
950,"""and most sincerely wish them happy.""","MJLY1",37
951,"father's footsteps. He was coming through the hall. Harriet was too","LBrRi",67
952,"in your favour. Let me return your congratulations.--I assure you that","BT26y",70
953,"and conversed with her, with admiration and pleasure always--but with no","54HhG",72
954,"the rooms before any other persons came, that she could not refuse him,","6QBpq",71
955,"""I do not often walk this way _now_,"" said Emma, as they proceeded, ""but","cT69v",72
956,"a good wife;--and you would not have had Miss Taylor live with us for","TMfRs",69
957,"The next thing wanted was to get the picture framed; and here were a few","BT26y",72
958,"difficulty, on Harriet's side, to oppose any friendly arrangement of her","6QBpq",72
959,"little time, consider, do not commit yourself.""","Tw12g",47
960,"Upon the whole, she was equally contented with her view of his feelings.","LBrRi",72
961,"with him in Broadway Lane, when, because it began to drizzle, he darted","EjCVT",71
962,"","EjCVT",0
963,"concerned!--Well, this is brilliant! I am all amazement! could not have","LBrRi",71
964,"something. There was no immediate appearance. No; he was talking to Mrs.","6QBpq",72
965,"to know what this word might be, made him seize every possible moment","EjCVT",69
966,"acquaintance. She meant to take her in the carriage, leave her at the","EjCVT",69
967,"sorry to give them up, for they are quite as well educated as me. But","TMfRs",69
968,"just advise me what I had best do--No, no, I do not mean that--As","BT26y",65
969,"from her, hoped, with Miss Woodhouse's help, to get a great many more.","6QBpq",70
970,"Knightley.--""Robert Martin's manners have sense, sincerity, and","BT26y",63
971,"concerned; for, though very eccentric, he had a thousand good","cT69v",61
972,"had passed of good in her feelings were at once caught and honoured.--","BT26y",70
973,"Mrs. Weston kissed her with tears of joy; and when she could find","EjCVT",65
974,"may be inferred. Was not she the whole day with you?""","TMfRs",53
975,"drinking, and sleeping and playing, which they could possibly wish for,","Tw12g",71
976,"young men who could be compared with him.--He moved a few steps nearer,","cT69v",71
977,"natural to have some civil hopes on the subject, and he said,","MJLY1",61
978,"to-day on that very account.--Such a dreadful broiling morning!--I went","MJLY1",71
979,"""More than an attachment, indeed,"" resumed Mrs. Weston; ""an","6QBpq",59
980,"still to stand at the door. A mind lively and at ease, can do with","54HhG",66
981,"are quite well.--This letter has been the cure of all the little","LBrRi",64
982,"removal.--""Should not they walk? Would not Mr. Knightley shew them the","54HhG",70
983,"","cT69v",0
984,"CHAPTER V","cT69v",9
985,"friend--give Emma some hint, ask her some question. He could not see her","54HhG",72
986,"","TMfRs",0
987,"always did. And so does poor Mrs. Weston""--with half a sigh and half a","ARN8g",70
988,"disposition, was totally free from conceit, and only desiring to be","BT26y",67
989,"other nothing--and she sat musing on the difference of woman's destiny,","BT26y",71
990,"which must be felt, nay, which he did not scruple to feel, having never","BT26y",71
991,"her before. How improperly had she been acting by Harriet! How","54HhG",62
992,"sure it was a consolation to you.""","TMfRs",34
993,"information she received more valuable. She merely said, in the course","LBrRi",70
994,"cold, so cautious! There was no getting at her real opinion. Wrapt up in","MJLY1",72
995,"solicitation, or plea, or privilege, she must be wanting to assist and","EjCVT",70
996,"","54HhG",0
997,"than now; and it really was too much to hope even of Harriet, that she","54HhG",70
998,"","BT26y",0
999,"income; for though the vicarage of Highbury was not large, he was known","LBrRi",71
1000,"""Upon my word,"" she cried, ""the young man is determined not to lose any","TMfRs",71
