"ID","Token","Sentence","Document","Repeats","Affected Columns"
"Col:text Row:1","Hotel","[Scene: The Hotel Lobby, Rachel and Phoebe are at the front desk checking out.]","[Scene: The Hotel Lobby, Rachel and Phoebe are at the front desk checking out.]",1,"`text`"
"Col:text Row:1","Lobby","[Scene: The Hotel Lobby, Rachel and Phoebe are at the front desk checking out.]","[Scene: The Hotel Lobby, Rachel and Phoebe are at the front desk checking out.]",1,"`text`"
"Col:text Row:1","Rachel","[Scene: The Hotel Lobby, Rachel and Phoebe are at the front desk checking out.]","[Scene: The Hotel Lobby, Rachel and Phoebe are at the front desk checking out.]",1,"`text`"
"Col:text Row:1","Phoebe","[Scene: The Hotel Lobby, Rachel and Phoebe are at the front desk checking out.]","[Scene: The Hotel Lobby, Rachel and Phoebe are at the front desk checking out.]",1,"`text`"
"Col:text Row:2","Mashuga","For the last time, I don't care what the computer says, we did not take a bag of Mashuga nuts from the mini-bar and we did not watch Dr. Do-Me-A-Little!","Listen y'know what sir? For the last time, I don't care what the computer says, we did not take a bag of Mashuga nuts from the mini-bar and we did not watch Dr. Do-Me-A-Little!",1,"`text`"
"Col:text Row:2","Dr.","For the last time, I don't care what the computer says, we did not take a bag of Mashuga nuts from the mini-bar and we did not watch Dr. Do-Me-A-Little!","Listen y'know what sir? For the last time, I don't care what the computer says, we did not take a bag of Mashuga nuts from the mini-bar and we did not watch Dr. Do-Me-A-Little!",1,"`text`"
"Col:text Row:2","Do","For the last time, I don't care what the computer says, we did not take a bag of Mashuga nuts from the mini-bar and we did not watch Dr. Do-Me-A-Little!","Listen y'know what sir? For the last time, I don't care what the computer says, we did not take a bag of Mashuga nuts from the mini-bar and we did not watch Dr. Do-Me-A-Little!",1,"`text`"
"Col:text Row:2","-Me","For the last time, I don't care what the computer says, we did not take a bag of Mashuga nuts from the mini-bar and we did not watch Dr. Do-Me-A-Little!","Listen y'know what sir? For the last time, I don't care what the computer says, we did not take a bag of Mashuga nuts from the mini-bar and we did not watch Dr. Do-Me-A-Little!",1,"`text`"
"Col:text Row:2","-A","For the last time, I don't care what the computer says, we did not take a bag of Mashuga nuts from the mini-bar and we did not watch Dr. Do-Me-A-Little!","Listen y'know what sir? For the last time, I don't care what the computer says, we did not take a bag of Mashuga nuts from the mini-bar and we did not watch Dr. Do-Me-A-Little!",1,"`text`"
"Col:text Row:2","Little","For the last time, I don't care what the computer says, we did not take a bag of Mashuga nuts from the mini-bar and we did not watch Dr. Do-Me-A-Little!","Listen y'know what sir? For the last time, I don't care what the computer says, we did not take a bag of Mashuga nuts from the mini-bar and we did not watch Dr. Do-Me-A-Little!",1,"`text`"
"Col:speaker Row:2","Rachel","Rachel Green","Rachel Green",35,"`speaker`"
"Col:speaker Row:2","Green","Rachel Green","Rachel Green",35,"`speaker`"
"Col:speaker Row:3","Joey","Joey Tribbiani","Joey Tribbiani",35,"`speaker`"
"Col:speaker Row:3","Tribbiani","Joey Tribbiani","Joey Tribbiani",35,"`speaker`"
"Col:speaker Row:4","Phoebe","Phoebe Buffay","Phoebe Buffay",51,"`speaker`"
"Col:speaker Row:4","Buffay","Phoebe Buffay","Phoebe Buffay",51,"`speaker`"
"Col:text Row:6","Chandler","(Chandler and Monica enter.)","(Chandler and Monica enter.)",1,"`text`"
"Col:text Row:6","Monica","(Chandler and Monica enter.)","(Chandler and Monica enter.)",1,"`text`"
"Col:speaker Row:7","Chandler","Chandler","Chandler Bing",43,"`speaker`"
"Col:speaker Row:7","Bing","Bing","Chandler Bing",43,"`speaker`"
"Col:speaker Row:8","Monica","Monica Geller","Monica Geller",41,"`speaker`"
"Col:speaker Row:8","Geller","Monica Geller","Monica Geller",41,"`speaker`"
"Col:text Row:12","Thursday","That's not 'til Thursday.","That's not 'til Thursday.",1,"`text`"
"Col:text Row:19","Joey","(Joey giggles.)","(Joey giggles.)",1,"`text`"
"Col:text Row:22","Ross","Okay Ross has the cameras, has he checked out yet?","Okay Ross has the cameras, has he checked out yet?",1,"`text`"
"Col:text Row:25","Ross","Ross has never checked out of a room a minute before he had to.","Ross has never checked out of a room a minute before he had to.",1,"`text`"
"Col:text Row:26","Radisson","Until y'know, he screamed out Radisson at the end.","Yeah, one time, when we were dating, uh we got a late checkout, he got so excited it was the best sex we ever had. Until y'know, he screamed out Radisson at the end.",1,"`text`"
"Col:text Row:27","Ross","Okay, well I'm gonna get Ross, get the cameras, and get them developed.","Okay, well I'm gonna get Ross, get the cameras, and get them developed. 32 Joe. You're 32!",1,"`text`"
"Col:text Row:27","Joe","32 Joe.","Okay, well I'm gonna get Ross, get the cameras, and get them developed. 32 Joe. You're 32!",1,"`text`"
"Col:speaker Row:28","Front","Front Desk Clerk","Front Desk Clerk",1,"`speaker`"
"Col:speaker Row:28","Desk","Front Desk Clerk","Front Desk Clerk",1,"`speaker`"
"Col:speaker Row:28","Clerk","Front Desk Clerk","Front Desk Clerk",1,"`speaker`"
"Col:text Row:29","Champagne","Champagne, strawberries...Oh my God!","Oh thanks. Champagne, strawberries...Oh my God! I can't believe Chandler ordered porn on our wedding night!",1,"`text`"
"Col:text Row:29","God","Champagne, strawberries...Oh my God!","Oh thanks. Champagne, strawberries...Oh my God! I can't believe Chandler ordered porn on our wedding night!",1,"`text`"
"Col:text Row:29","Chandler","I can't believe Chandler ordered porn on our wedding night!","Oh thanks. Champagne, strawberries...Oh my God! I can't believe Chandler ordered porn on our wedding night!",1,"`text`"
"Col:text Row:30","Mashuga","Mashuga nut?","Yeah, that's sad. Mashuga nut?",1,"`text`"
"Col:text Row:30","nut","Mashuga nut?","Yeah, that's sad. Mashuga nut?",1,"`text`"
"Col:text Row:31","Ross","[Scene: Ross's Hotel Room, he is letting Chandler in.]","[Scene: Ross's Hotel Room, he is letting Chandler in.]",1,"`text`"
"Col:text Row:31","Hotel","[Scene: Ross's Hotel Room, he is letting Chandler in.]","[Scene: Ross's Hotel Room, he is letting Chandler in.]",1,"`text`"
"Col:text Row:31","Room","[Scene: Ross's Hotel Room, he is letting Chandler in.]","[Scene: Ross's Hotel Room, he is letting Chandler in.]",1,"`text`"
"Col:text Row:31","Chandler","[Scene: Ross's Hotel Room, he is letting Chandler in.]","[Scene: Ross's Hotel Room, he is letting Chandler in.]",1,"`text`"
"Col:speaker Row:32","Ross","Ross Geller","Ross Geller",39,"`speaker`"
"Col:speaker Row:32","Geller","Ross Geller","Ross Geller",39,"`speaker`"
"Col:text Row:33","Shampoos","Shampoos?","Hey. Soaps? Shampoos? Are you really taking all this stuff?",1,"`text`"
"Col:text Row:37","Score","Score!","Score! Where are the disposable cameras?",1,"`text`"
"Col:text Row:42","Murray","Oh-oh yeah, you-you came up to me and asked if I could do you a favor, and my Uncle Murray came up to you and handed you a check.","Oh-oh yeah, you-you came up to me and asked if I could do you a favor, and my Uncle Murray came up to you and handed you a check. And then you said, ""Why do they call it a check? Why not a Yugoslavian?"" Yeah, then you did that.",1,"`text`"
"Col:text Row:45","Monica","Monica's gonna freak!","So? What? What? They're gone! Monica's gonna freak!",1,"`text`"
"Col:text Row:49","Ross","Ross looks up and hands him the toilet paper Ross already packed.)","(Chandler goes into the bathroom, closes the door, and then opens it again right away. Ross looks up and hands him the toilet paper Ross already packed.)",1,"`text`"
"Col:text Row:49","Ross","Ross looks up and hands him the toilet paper Ross already packed.)","(Chandler goes into the bathroom, closes the door, and then opens it again right away. Ross looks up and hands him the toilet paper Ross already packed.)",1,"`text`"
"Col:text Row:50","Monica","[Scene: Monica and Chandler's, Phoebe is entering to see Monica sitting in front of a mound of wedding gifts.]","[Scene: Monica and Chandler's, Phoebe is entering to see Monica sitting in front of a mound of wedding gifts.]",1,"`text`"
"Col:text Row:50","Chandler","[Scene: Monica and Chandler's, Phoebe is entering to see Monica sitting in front of a mound of wedding gifts.]","[Scene: Monica and Chandler's, Phoebe is entering to see Monica sitting in front of a mound of wedding gifts.]",1,"`text`"
"Col:text Row:50","Phoebe","[Scene: Monica and Chandler's, Phoebe is entering to see Monica sitting in front of a mound of wedding gifts.]","[Scene: Monica and Chandler's, Phoebe is entering to see Monica sitting in front of a mound of wedding gifts.]",1,"`text`"
"Col:text Row:50","Monica","[Scene: Monica and Chandler's, Phoebe is entering to see Monica sitting in front of a mound of wedding gifts.]","[Scene: Monica and Chandler's, Phoebe is entering to see Monica sitting in front of a mound of wedding gifts.]",1,"`text`"
"Col:text Row:53","Chandler","Are you gonna open the presents without Chandler?","Are you gonna open the presents without Chandler?",1,"`text`"
"Col:text Row:54","Chandler","Oh come on, Chandler wouldn't mind if I opened just one present!","No! But, they're callin' out to me! I mean this little guy even crawled up into my lap. Oh come on, Chandler wouldn't mind if I opened just one present! What do you think it is?",1,"`text`"
"Col:text Row:56","Monica","(Monica opens it anyways.)","(Monica opens it anyways.)",1,"`text`"
"Col:text Row:58","God","My God!","Ohhh! My God! For tiny salt!",1,"`text`"
"Col:text Row:61","Chandler","Okay, I'm just gonna wait for Chandler to open the rest of them.","Good. Okay, I'm just gonna wait for Chandler to open the rest of them.",1,"`text`"
"Col:text Row:69","Joey","Joey and Ross don't know anything and Chandler still thinks that Phoebe's pregnant.","No! Joey and Ross don't know anything and Chandler still thinks that Phoebe's pregnant.",1,"`text`"
"Col:text Row:69","Ross","Joey and Ross don't know anything and Chandler still thinks that Phoebe's pregnant.","No! Joey and Ross don't know anything and Chandler still thinks that Phoebe's pregnant.",1,"`text`"
"Col:text Row:69","Chandler","Joey and Ross don't know anything and Chandler still thinks that Phoebe's pregnant.","No! Joey and Ross don't know anything and Chandler still thinks that Phoebe's pregnant.",1,"`text`"
"Col:text Row:69","Phoebe","Joey and Ross don't know anything and Chandler still thinks that Phoebe's pregnant.","No! Joey and Ross don't know anything and Chandler still thinks that Phoebe's pregnant.",1,"`text`"
"Col:text Row:70","Chandler","Yeah that's right Chandler does still think I'm pregnant.","Yeah that's right Chandler does still think I'm pregnant. He hasn't asked me how I'm feeling or offered to carry my bags. Boy, I feel bad for the woman who ends up with him. After you of course.",1,"`text`"
"Col:text Row:70","Boy","Boy, I feel bad for the woman who ends up with him.","Yeah that's right Chandler does still think I'm pregnant. He hasn't asked me how I'm feeling or offered to carry my bags. Boy, I feel bad for the woman who ends up with him. After you of course.",1,"`text`"
"Col:text Row:78","Ed","You're like Ed McMahon except without the big check, or the raw sexual magnetism.","Yeah. You're just gonna knock on his door and change his life forever. You're like Ed McMahon except without the big check, or the raw sexual magnetism.",1,"`text`"
"Col:text Row:78","McMahon","You're like Ed McMahon except without the big check, or the raw sexual magnetism.","Yeah. You're just gonna knock on his door and change his life forever. You're like Ed McMahon except without the big check, or the raw sexual magnetism.",1,"`text`"
"Col:text Row:80","God","God, this guy doesn't have a clue!","Pretty big? It's huge! God, this guy doesn't have a clue! He's just walking down the street thinking, 'I had sex with Rachel Green. I rock!' then bam! He's a father and everything's different.",1,"`text`"
"Col:text Row:80","Rachel","He's just walking down the street thinking, 'I had sex with Rachel Green.","Pretty big? It's huge! God, this guy doesn't have a clue! He's just walking down the street thinking, 'I had sex with Rachel Green. I rock!' then bam! He's a father and everything's different.",1,"`text`"
"Col:text Row:80","Green","He's just walking down the street thinking, 'I had sex with Rachel Green.","Pretty big? It's huge! God, this guy doesn't have a clue! He's just walking down the street thinking, 'I had sex with Rachel Green. I rock!' then bam! He's a father and everything's different.",1,"`text`"
"Col:text Row:86","Joey","Hey Joey, what would you do if someone that you slept with told you that she was pregnant?","Hey Joey, what would you do if someone that you slept with told you that she was pregnant?",1,"`text`"
"Col:text Row:87","Sunglass","I shoulda never walked into that Sunglass Hut!","Who called here? Did she sound blond? Huh? Did-did-did she have an accent? I gotta make a call! I shoulda never walked into that Sunglass Hut!",1,"`text`"
"Col:text Row:87","Hut","I shoulda never walked into that Sunglass Hut!","Who called here? Did she sound blond? Huh? Did-did-did she have an accent? I gotta make a call! I shoulda never walked into that Sunglass Hut!",1,"`text`"
"Col:text Row:88","Joey","Oh Joey!","Oh Joey! Joey! No, it's not you! You didn't get anybody pregnant!",1,"`text`"
"Col:text Row:88","Joey","Joey!","Oh Joey! Joey! No, it's not you! You didn't get anybody pregnant!",1,"`text`"
"Col:text Row:91","God","Oh my God Pheebs!","Oh my God Pheebs! You're gonna have a baby?",1,"`text`"
"Col:text Row:91","Pheebs","Oh my God Pheebs!","Oh my God Pheebs! You're gonna have a baby?",1,"`text`"
"Col:text Row:92","God","Oh my God, I'm gonna have a baby!","Yes. Yes I am. Oh my God, I'm gonna have a baby!",1,"`text`"
"Col:text Row:96","David","David Lynn.","David Lynn.",1,"`text`"
"Col:text Row:96","Lynn","David Lynn.","David Lynn.",1,"`text`"
"Col:text Row:97","David","David Lynn!","David Lynn! David Lynn! David Lynn!!",1,"`text`"
"Col:text Row:97","Lynn","David Lynn!","David Lynn! David Lynn! David Lynn!!",1,"`text`"
"Col:text Row:97","David","David Lynn!","David Lynn! David Lynn! David Lynn!!",1,"`text`"
"Col:text Row:97","Lynn","David Lynn!","David Lynn! David Lynn! David Lynn!!",1,"`text`"
"Col:text Row:97","David","David Lynn!!","David Lynn! David Lynn! David Lynn!!",1,"`text`"
"Col:text Row:97","Lynn","David Lynn!!","David Lynn! David Lynn! David Lynn!!",1,"`text`"
"Col:text Row:98","David","Who's David Lynn?","Who's David Lynn?",1,"`text`"
"Col:text Row:98","Lynn","Who's David Lynn?","Who's David Lynn?",1,"`text`"
"Col:text Row:100","Banquet","[Scene: The Banquet Room, Chandler is under one of the tables as Ross enters.]","[Scene: The Banquet Room, Chandler is under one of the tables as Ross enters.]",1,"`text`"
"Col:text Row:100","Room","[Scene: The Banquet Room, Chandler is under one of the tables as Ross enters.]","[Scene: The Banquet Room, Chandler is under one of the tables as Ross enters.]",1,"`text`"
"Col:text Row:100","Chandler","[Scene: The Banquet Room, Chandler is under one of the tables as Ross enters.]","[Scene: The Banquet Room, Chandler is under one of the tables as Ross enters.]",1,"`text`"
"Col:text Row:100","Ross","[Scene: The Banquet Room, Chandler is under one of the tables as Ross enters.]","[Scene: The Banquet Room, Chandler is under one of the tables as Ross enters.]",1,"`text`"
"Col:text Row:101","Chandler","Chandler?","Chandler?",1,"`text`"
"Col:text Row:104","Celebrating","Celebrating.","Yes! And that's why I'm under the table. Celebrating.",1,"`text`"
"Col:text Row:106","Monica","Y'know, those cameras were the only thing that was gonna cheer Monica up today, she's really depressed.","Well this is great. Y'know, those cameras were the only thing that was gonna cheer Monica up today, she's really depressed.",1,"`text`"
"Col:text Row:116","Monica","I don't know, Monica picked out the flowers.","I don't know, Monica picked out the flowers.",1,"`text`"
"Col:text Row:124","Central","[Scene: Central Perk, Rachel is sitting on the couch as Phoebe enters.]","[Scene: Central Perk, Rachel is sitting on the couch as Phoebe enters.]",1,"`text`"
"Col:text Row:124","Perk","[Scene: Central Perk, Rachel is sitting on the couch as Phoebe enters.]","[Scene: Central Perk, Rachel is sitting on the couch as Phoebe enters.]",1,"`text`"
"Col:text Row:124","Rachel","[Scene: Central Perk, Rachel is sitting on the couch as Phoebe enters.]","[Scene: Central Perk, Rachel is sitting on the couch as Phoebe enters.]",1,"`text`"
"Col:text Row:124","Phoebe","[Scene: Central Perk, Rachel is sitting on the couch as Phoebe enters.]","[Scene: Central Perk, Rachel is sitting on the couch as Phoebe enters.]",1,"`text`"
"Col:text Row:128","Phoebe","Phoebe, it's not Gunther.","No! Phoebe, it's not Gunther.",1,"`text`"
"Col:text Row:129","God","God, 'cause that hair on a baby...","Thank God, 'cause that hair on a baby...",1,"`text`"
"Col:text Row:137","Band","It's like, it's like ripping off this Band-Aid.","You're thinking about this way too much. Just tell him and get it over with. It's like, it's like ripping off this Band-Aid. Quick and painless, watch. Oh mother of...See?",1,"`text`"
"Col:text Row:137","Aid","It's like, it's like ripping off this Band-Aid.","You're thinking about this way too much. Just tell him and get it over with. It's like, it's like ripping off this Band-Aid. Quick and painless, watch. Oh mother of...See?",1,"`text`"
"Col:text Row:137","See","Oh mother of...See?","You're thinking about this way too much. Just tell him and get it over with. It's like, it's like ripping off this Band-Aid. Quick and painless, watch. Oh mother of...See?",1,"`text`"
"Col:text Row:138","Monica","[Scene: Monica and Chandler's, Obsessive Monica has now opened more of the wedding gifts.]","[Scene: Monica and Chandler's, Obsessive Monica has now opened more of the wedding gifts.]",1,"`text`"
"Col:text Row:138","Chandler","[Scene: Monica and Chandler's, Obsessive Monica has now opened more of the wedding gifts.]","[Scene: Monica and Chandler's, Obsessive Monica has now opened more of the wedding gifts.]",1,"`text`"
"Col:text Row:138","Obsessive","[Scene: Monica and Chandler's, Obsessive Monica has now opened more of the wedding gifts.]","[Scene: Monica and Chandler's, Obsessive Monica has now opened more of the wedding gifts.]",1,"`text`"
"Col:text Row:138","Monica","[Scene: Monica and Chandler's, Obsessive Monica has now opened more of the wedding gifts.]","[Scene: Monica and Chandler's, Obsessive Monica has now opened more of the wedding gifts.]",1,"`text`"
"Col:text Row:140","I","I mean I-Joey I am out of control!!","No! No! I shouldn't have even opened these! I mean I-Joey I am out of control!! Joey, you have to do me a favor. No matter what I say, no matter what I do, please do not let me open another present! Okay?",1,"`text`"
"Col:text Row:140","Joey","I mean I-Joey I am out of control!!","No! No! I shouldn't have even opened these! I mean I-Joey I am out of control!! Joey, you have to do me a favor. No matter what I say, no matter what I do, please do not let me open another present! Okay?",1,"`text`"
"Col:text Row:145","Uh","Uh Pheebs?","Oh good, uh you're here. Uh Pheebs? Listen uh sit down. I-I got something I want to say.",1,"`text`"
"Col:text Row:145","Pheebs","Uh Pheebs?","Oh good, uh you're here. Uh Pheebs? Listen uh sit down. I-I got something I want to say.",1,"`text`"
"Col:text Row:147","Phoebe","Phoebe Buffay, will you marry me?","Umm, now uh... It's a scary world out there, especially for a single mom. Y'know, now I always thought you and I had a special bond so... Phoebe Buffay, will you marry me?",1,"`text`"
"Col:text Row:147","Buffay","Phoebe Buffay, will you marry me?","Umm, now uh... It's a scary world out there, especially for a single mom. Y'know, now I always thought you and I had a special bond so... Phoebe Buffay, will you marry me?",1,"`text`"
"Col:text Row:148","God","Oh my God!","Oh my God! Joey!",1,"`text`"
"Col:text Row:148","Joey","Joey!","Oh my God! Joey!",1,"`text`"
"Col:text Row:152","Phoebe","Phoebe!","Phoebe!",1,"`text`"
"Col:text Row:155","Rachel","It's Rachel.","She's not pregnant. It's Rachel. Rachel's the one who's pregnant.",1,"`text`"
"Col:text Row:155","Rachel","Rachel's the one who's pregnant.","She's not pregnant. It's Rachel. Rachel's the one who's pregnant.",1,"`text`"
"Col:text Row:156","God","Oh my God.","Oh my God.",1,"`text`"
"Col:text Row:158","Phoebe","Phoebe I think he would notice if you didn't have a baby in nine months!","Phoebe I think he would notice if you didn't have a baby in nine months!",1,"`text`"
"Col:text Row:159","Joey","It's Joey!","It's Joey!",1,"`text`"
"Col:text Row:160","Rachel","Rachel's pregnant?","Now I can't believe it! What? Rachel's pregnant? Who's the father?",1,"`text`"
"Col:text Row:166","Rachel","About a month ago this guy spent the night with Rachel, I didn't see who it was but...","About a month ago this guy spent the night with Rachel, I didn't see who it was but...",1,"`text`"
"Col:text Row:170","God","Oh my God!","Oh my God! I know who the father is...",1,"`text`"
"Col:text Row:172","Banquet","[Scene: The Banquet Room, Ross and Chandler are in their tuxes and have started to fake the pictures.]","[Scene: The Banquet Room, Ross and Chandler are in their tuxes and have started to fake the pictures.]",1,"`text`"
"Col:text Row:172","Room","[Scene: The Banquet Room, Ross and Chandler are in their tuxes and have started to fake the pictures.]","[Scene: The Banquet Room, Ross and Chandler are in their tuxes and have started to fake the pictures.]",1,"`text`"
"Col:text Row:172","Ross","[Scene: The Banquet Room, Ross and Chandler are in their tuxes and have started to fake the pictures.]","[Scene: The Banquet Room, Ross and Chandler are in their tuxes and have started to fake the pictures.]",1,"`text`"
"Col:text Row:172","Chandler","[Scene: The Banquet Room, Ross and Chandler are in their tuxes and have started to fake the pictures.]","[Scene: The Banquet Room, Ross and Chandler are in their tuxes and have started to fake the pictures.]",1,"`text`"
"Col:speaker Row:174","Woman","Woman At The Wedding","Woman At The Wedding",3,"`speaker`"
"Col:text Row:183","Ansel","Ansel Adams?!","Who are you? Ansel Adams?! Get outta here!",1,"`text`"
"Col:text Row:183","Adams","Ansel Adams?!","Who are you? Ansel Adams?! Get outta here!",1,"`text`"
"Col:text Row:184","Outside","[Scene: Outside Central Perk, Rachel and Phoebe are about to go inside.]","[Scene: Outside Central Perk, Rachel and Phoebe are about to go inside.]",1,"`text`"
"Col:text Row:184","Central","[Scene: Outside Central Perk, Rachel and Phoebe are about to go inside.]","[Scene: Outside Central Perk, Rachel and Phoebe are about to go inside.]",1,"`text`"
"Col:text Row:184","Perk","[Scene: Outside Central Perk, Rachel and Phoebe are about to go inside.]","[Scene: Outside Central Perk, Rachel and Phoebe are about to go inside.]",1,"`text`"
"Col:text Row:184","Rachel","[Scene: Outside Central Perk, Rachel and Phoebe are about to go inside.]","[Scene: Outside Central Perk, Rachel and Phoebe are about to go inside.]",1,"`text`"
"Col:text Row:184","Phoebe","[Scene: Outside Central Perk, Rachel and Phoebe are about to go inside.]","[Scene: Outside Central Perk, Rachel and Phoebe are about to go inside.]",1,"`text`"
"Col:text Row:186","Phoebe","Phoebe, how do you even know who the father is?","What? Hey wait a minute! Phoebe, how do you even know who the father is?",1,"`text`"
"Col:text Row:189","Band","Now you can turn around or you can go in there and rip the Band-Aid off.","Uh-huh. Now you can turn around or you can go in there and rip the Band-Aid off. What to you want to do?",1,"`text`"
"Col:text Row:189","Aid","Now you can turn around or you can go in there and rip the Band-Aid off.","Uh-huh. Now you can turn around or you can go in there and rip the Band-Aid off. What to you want to do?",1,"`text`"
"Col:text Row:192","Phoebe","Oh Phoebe!","Oh Phoebe!",1,"`text`"
"Col:text Row:194","Rach","Hey Rach.","Hey Rach.",1,"`text`"
"Col:speaker Row:194","Tag","Tag Jones","Tag Jones",15,"`speaker`"
"Col:speaker Row:194","Jones","Tag Jones","Tag Jones",15,"`speaker`"
"Col:text Row:195","Banquet","[Scene: The Banquet Room, Ross is taking a picture of a plant, Chandler a fork.","[Scene: The Banquet Room, Ross is taking a picture of a plant, Chandler a fork. The band stops.]",1,"`text`"
"Col:text Row:195","Room","[Scene: The Banquet Room, Ross is taking a picture of a plant, Chandler a fork.","[Scene: The Banquet Room, Ross is taking a picture of a plant, Chandler a fork. The band stops.]",1,"`text`"
"Col:text Row:195","Ross","[Scene: The Banquet Room, Ross is taking a picture of a plant, Chandler a fork.","[Scene: The Banquet Room, Ross is taking a picture of a plant, Chandler a fork. The band stops.]",1,"`text`"
"Col:text Row:195","Chandler","[Scene: The Banquet Room, Ross is taking a picture of a plant, Chandler a fork.","[Scene: The Banquet Room, Ross is taking a picture of a plant, Chandler a fork. The band stops.]",1,"`text`"
"Col:text Row:198","Chandler","(He goes up on stage, mimes like he's giving the speech, and Chandler takes his picture.","(He goes up on stage, mimes like he's giving the speech, and Chandler takes his picture. However, before he gets down everyone starts clinking their glasses for a real speech.)",1,"`text`"
"Col:text Row:199","Buick","Will the owner of a 1995 Buick LeSabre please see the front desk?","Will the owner of a 1995 Buick LeSabre please see the front desk? Your car is about to be towed.",1,"`text`"
"Col:text Row:199","LeSabre","Will the owner of a 1995 Buick LeSabre please see the front desk?","Will the owner of a 1995 Buick LeSabre please see the front desk? Your car is about to be towed.",1,"`text`"
"Col:speaker Row:200","Wedding","Anxious Wedding Guest","Anxious Wedding Guest",4,"`speaker`"
"Col:speaker Row:200","Guest","Anxious Wedding Guest","Anxious Wedding Guest",4,"`speaker`"
"Col:text Row:201","LeSabre","LeSabre?!","A '95 LeSabre?!",1,"`text`"
"Col:text Row:203","LeSabre","A green LeSabre?","A green LeSabre?",1,"`text`"
"Col:text Row:205","LeSabre","I'm sorry, I meant a blue LeSabre.","I'm sorry, I meant a blue LeSabre.",1,"`text`"
"Col:text Row:211","Central","[Scene: Central Perk, continued from earlier.]","[Scene: Central Perk, continued from earlier.]",1,"`text`"
"Col:text Row:211","Perk","[Scene: Central Perk, continued from earlier.]","[Scene: Central Perk, continued from earlier.]",1,"`text`"
"Col:text Row:213","Rachel","Rachel has something that she wants to tell you and umm, I believe that this is your red sweater.","Rachel has something that she wants to tell you and umm, I believe that this is your red sweater.",1,"`text`"
"Col:text Row:216","Rach","What's going on Rach?","What's going on Rach?",1,"`text`"
"Col:text Row:217","Phoebe","Phoebe kinda made a mistake.","Nothing! Phoebe kinda made a mistake. But y'know you do wear that sweater a lot, are you involved in some kind of dare?",1,"`text`"
"Col:text Row:217","kinda","Phoebe kinda made a mistake.","Nothing! Phoebe kinda made a mistake. But y'know you do wear that sweater a lot, are you involved in some kind of dare?",1,"`text`"
"Col:text Row:218","Phoebe","Y'know, I'm actually glad Phoebe called.","Y'know, I'm actually glad Phoebe called. I know we broke up because you thought I wasn't mature enough, but I've really grown up and think we should get back together.",1,"`text`"
"Col:text Row:223","Tag","Tag...","Tag...",1,"`text`"
"Col:text Row:224","Rach","Come on Rach, let's give it another try.","Come on Rach, let's give it another try.",1,"`text`"
"Col:text Row:230","Monica","[Scene: Monica and Chandler's, Obsessive Monica has finished opening all the presents.","[Scene: Monica and Chandler's, Obsessive Monica has finished opening all the presents. She's ashamed of this, at least, because as someone enters...]",1,"`text`"
"Col:text Row:230","Chandler","[Scene: Monica and Chandler's, Obsessive Monica has finished opening all the presents.","[Scene: Monica and Chandler's, Obsessive Monica has finished opening all the presents. She's ashamed of this, at least, because as someone enters...]",1,"`text`"
"Col:text Row:230","Obsessive","[Scene: Monica and Chandler's, Obsessive Monica has finished opening all the presents.","[Scene: Monica and Chandler's, Obsessive Monica has finished opening all the presents. She's ashamed of this, at least, because as someone enters...]",1,"`text`"
"Col:text Row:230","Monica","[Scene: Monica and Chandler's, Obsessive Monica has finished opening all the presents.","[Scene: Monica and Chandler's, Obsessive Monica has finished opening all the presents. She's ashamed of this, at least, because as someone enters...]",1,"`text`"
"Col:text Row:233","Chandler","I mean, Chandler is never going to trust me with anything ever again!","I know! I know! I am a terrible person! I mean, Chandler is never going to trust me with anything ever again!",1,"`text`"
"Col:text Row:237","Phoebe","(Phoebe and Rachel enter.)","(Phoebe and Rachel enter.)",1,"`text`"
"Col:text Row:237","Rachel","(Phoebe and Rachel enter.)","(Phoebe and Rachel enter.)",1,"`text`"
"Col:text Row:239","Tag","What-what did Tag say?","Yeah. What-what did Tag say?",1,"`text`"
"Col:text Row:240","Tag","Tag is not the father!","Tag is not the father! And Joey knows now?",1,"`text`"
"Col:text Row:240","Joey","And Joey knows now?","Tag is not the father! And Joey knows now?",1,"`text`"
"Col:text Row:241","Rach","I do Rach.","I do Rach. I do, and I so happy for you.",1,"`text`"
"Col:text Row:245","Rach","Hey Rach listen, no matter what this guy says I want you to know you're not gonna be alone in this.","Hey Rach listen, no matter what this guy says I want you to know you're not gonna be alone in this.",1,"`text`"
"Col:text Row:247","Listen","Listen I uh...","Listen I uh... It's a scary world out there especially if you're a single mom. Y'know, I always felt like you and I have this-this special bond. Y'know? So, Rachel Green will you marry me?",1,"`text`"
"Col:text Row:247","Rachel","So, Rachel Green will you marry me?","Listen I uh... It's a scary world out there especially if you're a single mom. Y'know, I always felt like you and I have this-this special bond. Y'know? So, Rachel Green will you marry me?",1,"`text`"
"Col:text Row:247","Green","So, Rachel Green will you marry me?","Listen I uh... It's a scary world out there especially if you're a single mom. Y'know, I always felt like you and I have this-this special bond. Y'know? So, Rachel Green will you marry me?",1,"`text`"
"Col:text Row:253","Joey","Joey, oh you're so sweet.","No! Joey, oh you're so sweet. You're so-so sweet, honey. But I'm not, I'm not looking for a husband.",1,"`text`"
"Col:text Row:256","Joey","But I'll take you back Joey Tribbiani.","I can't say that didn't hurt. But I'll take you back Joey Tribbiani.",1,"`text`"
"Col:text Row:256","Tribbiani","But I'll take you back Joey Tribbiani.","I can't say that didn't hurt. But I'll take you back Joey Tribbiani.",1,"`text`"
"Col:text Row:258","Salami","A Salami Buddy!","Ooh! A Salami Buddy!",1,"`text`"
"Col:text Row:258","Buddy","A Salami Buddy!","Ooh! A Salami Buddy!",1,"`text`"
"Col:text Row:260","Chandler","(Chandler and Ross enter with the new pictures.)","(Chandler and Ross enter with the new pictures.)",1,"`text`"
"Col:text Row:260","Ross","(Chandler and Ross enter with the new pictures.)","(Chandler and Ross enter with the new pictures.)",1,"`text`"
"Col:text Row:265","Ross","Here's a picture of Ross.","Here's a picture of Ross. And that's me. And that's me and Ross. Oh-ho, that is a picture of our first kiss as a married couple.",1,"`text`"
"Col:text Row:265","Ross","And that's me and Ross.","Here's a picture of Ross. And that's me. And that's me and Ross. Oh-ho, that is a picture of our first kiss as a married couple.",1,"`text`"
"Col:text Row:278","Mashuga","Yeah, they think they can charge me for some dirty movie and a bag of Mashuga nuts, they got another think coming.","No-no, I took them from the hotel lobby. Yeah, they think they can charge me for some dirty movie and a bag of Mashuga nuts, they got another think coming. Hey! My sweater! I've been looking for this for like a month!",1,"`text`"
"Col:text Row:279","Phoebe","(He exits leaving a stunned Phoebe and Monica.)","(He exits leaving a stunned Phoebe and Monica.)",1,"`text`"
"Col:text Row:279","Monica","(He exits leaving a stunned Phoebe and Monica.)","(He exits leaving a stunned Phoebe and Monica.)",1,"`text`"
"Col:text Row:280","God","Oh my God!!","Oh my God!!",1,"`text`"
"Col:speaker Row:280","NA","NA",NA,1,"`speaker`"
"Col:text Row:281","God","Oh my God!","Oh my God!",1,"`text`"
"Col:text Row:282","Street","[Scene: A Street, Ross walks past Tag wearing the same red sweater.]","[Scene: A Street, Ross walks past Tag wearing the same red sweater.]",1,"`text`"
"Col:text Row:282","Ross","[Scene: A Street, Ross walks past Tag wearing the same red sweater.]","[Scene: A Street, Ross walks past Tag wearing the same red sweater.]",1,"`text`"
"Col:text Row:282","Tag","[Scene: A Street, Ross walks past Tag wearing the same red sweater.]","[Scene: A Street, Ross walks past Tag wearing the same red sweater.]",1,"`text`"
"Col:text Row:288","Rachel","Oh, it's crazy about Rachel huh?","Oh, it's crazy about Rachel huh?",1,"`text`"
